Workbook

Sheet README
A1: 填表须知
A2: 1. 不随车型变换的平台化接口和数据类型，填写到Interface_Platform和DataType_Platform中；和车型相关的接口和数据类型填写到Interface_T1GC和DataType_T1GC中 2. 输入Port和对应的输出Port要求同名（Interface-C列） 3. Port上的成员真正的数据类型是其对应的Rte_Type（Interface-D列） 4. 若接口需要缓存队列，对应的IsQueued（Interface-H列）置为Y，并且填写QueueLength（Interface-I列）,PR Port需保持一致 5. 如果需要获取接口在上次读取后是否被更新，可以将对应的IsUpdated(Interface-L列)置为Y 6. 数组类型的成员，需要在Interface表格中将F列填写为rt_Array_XXX_YYY,XXX为对应每个成员的数据类型,YYY为数组长度； 同时在DataType表格中对数组类型进行定义，填写结构体名称（A列），DataType(D列)和Dimensions（E列），名称为rt_Array_XXX_YYY，DataType为XXX，Dimensions为YYY 7. 结构体类型的成员，在DataType表格中起始列填写结构体名称（A列）和DataType(D列)，DataType写为Struct 接下来的几行填写Member成员信息(C列)及其成员类型（D列）。 8. 枚举类型的成员，在DataType表格中起始列填写结构体名称（A列）和DataType(D列)，DataType写为Enum 接下来的几行填写枚举的定义(C列)和对应值（D列） 9. 修改表格后请同步修改ChangeHistory，会同步到arxml的log中 10.建议swc名称遵循autosar_swc_xxx格式，周期runnable名称遵循autosar_swc_xxx_Step格式

Sheet ChangeHistory
A1: 每月22号锁定！
A2: 版本 Version | B2: 状态 Status | C2: 编制人 Author | D2: 编制日期 Modify Data | E2: 批准人 Approval | F2: 批准日期 Approval Data | G2: 内容描述 Details Description | H2: T1GC | I2: E01
A3: 0.0 | B3: Draft | C3: 程振宁 | D3: 20240522 | G3: 初版，删除部分无用接口 | H3: merged | I3: merged
C4: 姜宝祥 | D4: 20240522 | G4: 补充新版融合接口，仅包含输出接口 | H4: merged | I4: merged
C5: 李一凡 | D5: 20240522 | G5: 修复新版融合接口错误，增加enum定义。 | H5: merged | I5: merged
C6: 程振宁 | D6: 20240523 | G6: 调整融合输出结构体为header+elem | H6: merged | I6: merged
C7: 杨克强 | D7: 20240523 | G7: 1.信号虚拟模块的signal_adapt名字更新回val 2.hmi_adapter模块更名回HMI 3.删除部分无用的“Data Type Name”，如[VCAN_AcmBody_MSG_BUS/VCAN_Bodystatus_MSG_BUS/VCAN_BCUsts_MSG_BUS/VCAN_Motorsts_02_MSG_BUS/VCAN_Motorsts_01_MSG_BUS/VCAN_ABS_ESP_1_MSG_BUS/VCAN_ABS_ESP_3_MSG_BUS/VCAN_ABS_ESP_4_MSG_BUS/VCAN_ABS_ESP_7_MSG_BUS/VCAN_ABS_ESP_8_MSG_BUS/VCAN_BCM_1_MSG_BUS/VCAN_DMS_1_MSG_BUS/ 4.autosar_swc_nvmadapter融入val模块，即nvme模块的输入输出增加至val模块 5.新增VAL模块输出接口（someIP相关内容） 6.新增VAL模块输入接口（someIP相关内容） 7.新增VAL模块输入接口（控制相关信号） 8.新增VAL模块输出接口（控制相关信号） 9.删除VAL的原chery相关HMI接口 10.删除J3-swc相关内容，后续增加在VAL 11.新增DAI功能开关，更新VAL_Chery_SWITCH_RESP_BUS为VAL_SWITCH_RESP_BUS | H7: merged | I7: merged
C8: 王亚伟 | D8: 20240523 | G8: 1、修改rlgs输入输出端口名； 2、删除RFM的输入接口 | H8: merged | I8: merged
C9: 王程 | D9: 20240523 | G9: 1 增加 LONP_TrajPolyPara输出 datatype为 LONP_TrajPolyPara_BUS 2 增加 LONC_ACCReq输出 datatype为 LONC_ACCReq_BUS ,输入增加LONP_TrajPolyPara | H9: merged | I9: merged
C10: 姜宝祥 | D10: 20240524 | G10: swc_tos 接口变更 1 删除接口；(RFM_LINE_L1,RFM_LINE_L2,RFM_LINE_L3,RFM_LINE_R1,RFM_LINE_R2,RFM_LINE_R3,RFM_LINE_CL,RFM_LINE_LB,RFM_LINE_RB、EMA_JunctionExist); 2 新增接口； LATP_TARLINE；LATP_TARPATH； | H10: merged | I10: merged
C11: 李杭 | D11: 20240524 | G11: LATC输出接口变更 接口LATC_CTRL_OUT_BUS中增加成员LATC_IFCSteerMaxTqReq，LATC_IFCSteerMinTqReq | H11: merged | I11: merged
C12: 杨克强 | D12: 20240527 | G12: VAL模块输出的J3信号接口更新，将其他模块的查找替换 | H12: merged | I12: merged
C13: 王亚伟 | D13: 20240527 | G13: 在EHRV2_SEGMENT_INFO_BUS增加road_type信号 | H13: merged | I13: merged
C14: 李杭 | D14: 20240527 | G14: LATP添加接口VAL_J3_TFL，VAL_J3_RM 删除接口EMA_JunctionExist | H14: merged | I14: merged
C15: 杨克强 | D15: 20240529 | G15: 更新【SysOut_SWITCH_RESP_BUS】和【SysOut_SWITCH_RESP_BUS】中的DAIOnOff数据类型为uint8 | H15: merged | I15: merged
... C20: 姜宝祥 | D20: 20240626 | G20: 1 将TOS输出接口中，objec_ID(所有接口)数据类型变更为uint32,objec_age变更为uint64（hwa接口） 2 增加目标绝对纵向加速度属性； | H20: merged | I20: merged
D21: 20240629 | G21: 1 增加AEB模块的AEB的输入输出 | H21: merged | I21: merged
C22: 王亚伟 | D22: 20240701 | G22: 1、在EHRV2_NAV_STUB_BUS增加is_on_rout信号 | H22: merged | I22: merged
C23: 王亚伟 | D23: 20240703 | G23: 1、删除EHRV2_EGO_POSE_BUS中重复的has_emergency_lane信号；2、在EHRV2_SEGMENT_INFO_BUS中增加road_class和road_form_of_way信号。 | H23: merged | I23: merged
C24: 王亚伟 | D24: 20240704 | G24: 根据数据回传要求在PSM_DATACLCT_BUS增加回传信号 | H24: merged | I24: merged
C25: 杨克强 | D25: 2024071 | G25: 1.ICAS_STATE_BUS新增DAI_ModeDisp信号 2.ICAS_HMI_BUS新增DAI_ModeDisp信号 3.HMI_GENERAL_INFO_BUS新增DAI_Status信号 4.HMI模块新增VAL_DRIVER_DRIVE接口 | H25: merged | I25: merged
C26: 程振宁 | D26: 20240711 | G26: 删除fsm，FSM_FuncStatus改名为TOP_FuncStatus | H26: merged | I26: merged
C27: 朱莫武 | D27: 20240801 | G27: 新增sm模块 | H27: merged | I27: merged
C28: 王朝辉 | D28: 20240802 | G28: 新增信号 1.EHRV2_HEADER_BUS lanetracker输出信号 2.VEHICLE_SENSOR_INFO_BUS DR输入信号 3.MapFusionLoc_BUS DR输出信号/lanetracker输入信号 4.MapTopologyInfo_BUS lanetracker输入信号 | H28: merged | I28: merged
C29: 朱秋娴 | D29: 20240805 | G29: 新增各模块与SM交互接口，修改表格格式问题 | H29: merged | I29: merged
C30: 朱莫武 | D30: 20240806 | G30: 1、添加 SM_CORE_INFO SM_TASK_INFO SM_STATUS三个结构体数据类型 2、autosar_swc_sm模块添加SM_status output port | H30: merged | I30: merged
C31: 朱莫武 | D31: 20240812 | G31: 1、SM_HEART_BEAT_INFO 添加swc_id成员 | H31: merged | I31: merged
C32: 李杭 | D32: 20240813 | G32: 新增信号 1.TOS新增输出信号TOS_IE_Nudge、TOS_JunctionExist 2.LATP新增输入信号TOS_IE_Nudge、TOS_JunctionExist | H32: merged | I32: merged
C33: 姜宝祥 | D33: 20240813 | G33: 新增接口： 1 TOS新增输入信号:VAL_J3_RM、VAL_J3_TFL、PSM_STATE、ICAS_STATE、VAL_DRIVER_SWITCH、VAL_DRIVER_SWITCH | H33: merged | I33: merged
... C92: 王虎 | D92: 20241224 | G92: 1.根据DFIM模块增加ISLI_err / EBA_err接口 | H92: merged | I92: merged
C93: 杨克强 | D93: 20241224 | G93: 由于UDP落盘带宽问题 1.调整E01的someIP接口LaneLineList_2结构简化为8； 2.调整E01的someIP接口LaneLineList及其结构体定义，删除，此内容在本项目不使用 3.调整E01的someIP接口DynamicObjectList结构简化为10维； 4.调整E01的someIP接口StaticObjectList结构简化为10维； | H93: merged | I93: feature | J93: x
C94: 王虎 | D94: 20241225 | G94: 1.根据功能需求，DFIM模块增加FCTB_err / RCTB_err / FDM_err接口 | H94: merged | I94: feature
C95: 杨克强 | D95: 20241230 | G95: 由于spi通讯带宽问题 1.SomeIP_LaneLine_2_BUS删除型点和预留信息[LinePointList][LaneLineReserved] | H95: merged | I95: feature
C96: 程振宁 | D96: 20241230 | G96: 修复EVM_TSR_SPL_BUS.Map_Ramp_SPL维度为1维 | H96: merged | I96: feature
C97: 杨克强 | D97: 20241230 | G97: 新增VAL输出VAL_ICC_NAV接口，新增RLGS输入VAL_ICC_NAV接口 | H97: merged | I97: feature
C98: 王程 | D98: 20240103 | G98: 1 AEB_BRKINFO_BUS新增DWReq接口，用于近距离报警 2 AEB_FUSAIN_BUS的AEBAebTarID，AebTarCamID数据类型转换 3 AEB_TAROBJ_BUS增加接口用于观测 | H98: merged | I98: feature
C99: 谢新天 | D99: 20240103 | G99: HMI_GENERAL_INFO_BUS新增DW_Status接口 | H99: merged | I99: feature
C100: 程振宁 | D100: 20240106 | G100: AEB LSS增加 VAL功能安全状态接口，适配功能安全需求 | H100: merged | I100: feature
C101: 朱秋娴 | D101: 20240110 | G101: dataclct拆分出AEB_20ms_Data接口，新增VAL_SAF_TrigSftyAct接口 | H101: merged | I101: locked
C102: 朱秋娴 | D102: 20240115 | G102: Trigger_Data_BUS中新增VehSpdKph | H102: locked | I102: locked
C103: 杨克强 | D103: 20250119 | G103: 基于最新的NvM需求： 1.删除[SysIn_SWITCH_Init],[SysIn_SteerAngOffsetInit],[SysIn_TSRInit],[SysIn_TimeGapInit],[SysIn_ACCStsInit],[SysIn_ICASStsInit],[SysOut_SWITCH_Init][SysOut_SteerAngOffsetInit][SysOut_TSRInit][SysOut_TimeGapInit][SysOut_ACCStsInit][SysOut_ICASStsInit]接口； 2.新增[SysIn_NvM_Read]接口，作为NvM信息读取的接口，结构体定义为“NvM_ACCESS_BUS”； 3.新增[SysOut_NvM_Write]接口，作为NvM信息输出的接口，结构体定义为“NvM_ACCESS_BUS”； | I103: locked
C104: 杨克强 | D104: 20250121 | G104: DataType_E01 1.根据3.62版本someIP矩阵，新增SomeIP_HNOPfunctionInfo_BUS（NOPDegradeReminder）结构体定义 2.删除原有的“SomeIP_ICC_SDmapInfo“，替换为”SomeIP_ICC_SDmapInfo_2“， 并且更新其结构体定义（删除SomeIP_SDmapInfo_BUS及其内部结构体定义） 新增（SomeIP_ICC_SDmapInfo_2_BUS及其内部结构体定义） 3.删除部分预留信息：[ISLIInfoReserved] [ LSSInfoReserved] [ DrivingSoundReserved] [IHCInfoReserved][ActiveSafetyFcnReserved][ | I104: locked
C105: 朱秋娴 | D105: 20250121 | G105: 修改autosar_swc_dataclct中FM_SAF_OUT_Last为FM_SAF_OUT | I105: locked
C106: 朱秋娴 | D106: 20250208 | G106: 基于SPI-route需求，修改数据类型，包括id，change_point_valid，type_change_position，point_x，point_y，conf，life_time

Sheet Interface_Platform
A1: SWCName | B1: I/O | C1: PortType | D1: PortName/Operation | E1: Rte_Type/Return_Type | F1: RteTypeExist | G1: Description | H1: DataAccessMode | I1: IsQueued | J1: QueueLength | K1: InterfaceType | L1: IsService | M1: IsUpdated | N1: SignalType_Simple_Array_Record_ | O1: RecordTypedefName
A2: autosar_swc_dfim | B2: Outport | C2: S/R | D2: DFIM_FUNC_ERR | E2: DFIM_FUNC_ERR_BUS | F2: =IF(AND(ISNA(VLOOKUP(E2,DataType_Platform!A:A,1,FALSE())),ISNA(VLOOKUP(E2,BaseType!A:A,1,FALSE()))),"N","Y") -> Y | H2: Explict | I2: N
A3: autosar_swc_val | B3: Inport | C3: S/R | D3: StbM_TimeStamp | E3: StbM_TimeStampExtendedType | F3: =IF(AND(ISNA(VLOOKUP(E3,DataType_Platform!A:A,1,FALSE())),ISNA(VLOOKUP(E3,BaseType!A:A,1,FALSE()))),"N","Y") -> Y | H3: Explict | I3: N
A4: autosar_swc_val | B4: Inport | C4: S/R | D4: ADASFuncConfig | E4: FuncConfig_BUS | F4: =IF(AND(ISNA(VLOOKUP(E4,DataType_Platform!A:A,1,FALSE())),ISNA(VLOOKUP(E4,BaseType!A:A,1,FALSE()))),"N","Y") -> Y | H4: Explict | I4: N | M4: N
A5: autosar_swc_val | B5: Inport | C5: S/R | D5: TOP_FuncStatus | E5: uint8 | F5: =IF(AND(ISNA(VLOOKUP(E5,DataType_Platform!A:A,1,FALSE())),ISNA(VLOOKUP(E5,BaseType!A:A,1,FALSE()))),"N","Y") -> Y | H5: Explict | I5: N | K5: 0 | L5: 0 | M5: N | N5: 0 | O5: 0
A6: autosar_swc_val | B6: Inport | C6: S/R | D6: LAS_STATE | E6: LAS_STATE_BUS | F6: =IF(AND(ISNA(VLOOKUP(E6,DataType_Platform!A:A,1,FALSE())),ISNA(VLOOKUP(E6,BaseType!A:A,1,FALSE()))),"N","Y") -> Y | H6: Explict | I6: N | M6: N
A7: autosar_swc_val | B7: Inport | C7: S/R | D7: LAS_HMI | E7: LAS_HMI_BUS | F7: =IF(AND(ISNA(VLOOKUP(E7,DataType_Platform!A:A,1,FALSE())),ISNA(VLOOKUP(E7,BaseType!A:A,1,FALSE()))),"N","Y") -> Y | H7: Explict | I7: N | M7: N
A8: autosar_swc_val | B8: Inport | C8: S/R | D8: VMP_STS | E8: VMP_STS_BUS | F8: =IF(AND(ISNA(VLOOKUP(E8,DataType_Platform!A:A,1,FALSE())),ISNA(VLOOKUP(E8,BaseType!A:A,1,FALSE()))),"N","Y") -> Y | H8: Explict | I8: N | K8: 0 | L8: 0 | M8: N | N8: 0 | O8: 0
A9: autosar_swc_val | B9: Inport | C9: S/R | D9: LATP_HMI | E9: LATP_HMI_BUS | F9: =IF(AND(ISNA(VLOOKUP(E9,DataType_Platform!A:A,1,FALSE())),ISNA(VLOOKUP(E9,BaseType!A:A,1,FALSE()))),"N","Y") -> Y | H9: Explict | I9: N | M9: N
A10: autosar_swc_val | B10: Inport | C10: S/R | D10: VMC_LGT | E10: VMC_LGT_BUS | F10: =IF(AND(ISNA(VLOOKUP(E10,DataType_Platform!A:A,1,FALSE())),ISNA(VLOOKUP(E10,BaseType!A:A,1,FALSE()))),"N","Y") -> Y | H10: Explict | I10: N | M10: N
A11: autosar_swc_val | B11: Inport | C11: S/R | D11: VMC_LAT | E11: VMC_LAT_BUS | F11: =IF(AND(ISNA(VLOOKUP(E11,DataType_Platform!A:A,1,FALSE())),ISNA(VLOOKUP(E11,BaseType!A:A,1,FALSE()))),"N","Y") -> Y | H11: Explict | I11: N
A12: autosar_swc_val | B12: Inport | C12: S/R | D12: ICAS_STATE | E12: ICAS_STATE_BUS | F12: =IF(AND(ISNA(VLOOKUP(E12,DataType_Platform!A:A,1,FALSE())),ISNA(VLOOKUP(E12,BaseType!A:A,1,FALSE()))),"N","Y") -> Y | H12: Explict | I12: N | K12: 0 | L12: 0 | M12: N | N12: 0 | O12: 0
A13: autosar_swc_val | B13: Inport | C13: S/R | D13: ICAS_HMI | E13: ICAS_HMI_BUS | F13: =IF(AND(ISNA(VLOOKUP(E13,DataType_Platform!A:A,1,FALSE())),ISNA(VLOOKUP(E13,BaseType!A:A,1,FALSE()))),"N","Y") -> Y | H13: Explict | I13: N | M13: N
A14: autosar_swc_val | B14: Inport | C14: S/R | D14: AEB_BRKINFO | E14: AEB_BRKINFO_BUS | F14: =IF(AND(ISNA(VLOOKUP(E14,DataType_Platform!A:A,1,FALSE())),ISNA(VLOOKUP(E14,BaseType!A:A,1,FALSE()))),"N","Y") -> Y | H14: Explict | I14: N | M14: N
A15: autosar_swc_val | B15: Inport | C15: S/R | D15: AEB_TAROBJ | E15: AEB_TAROBJ_BUS | F15: =IF(AND(ISNA(VLOOKUP(E15,DataType_Platform!A:A,1,FALSE())),ISNA(VLOOKUP(E15,BaseType!A:A,1,FALSE()))),"N","Y") -> Y | H15: Explict | I15: N
A16: autosar_swc_val | B16: Inport | C16: S/R | D16: CSM_TSR_HMI | E16: TSR_HMI_BUS | F16: =IF(AND(ISNA(VLOOKUP(E16,DataType_Platform!A:A,1,FALSE())),ISNA(VLOOKUP(E16,BaseType!A:A,1,FALSE()))),"N","Y") -> Y | H16: Explict | I16: N | M16: N
A17: autosar_swc_val | B17: Inport | C17: S/R | D17: HMI_GENERAL_INFO | E17: HMI_GENERAL_INFO_BUS | F17: =IF(AND(ISNA(VLOOKUP(E17,DataType_Platform!A:A,1,FALSE())),ISNA(VLOOKUP(E17,BaseType!A:A,1,FALSE()))),"N","Y") -> Y | H17: Explict | I17: N | M17: N
A18: autosar_swc_val | B18: Inport | C18: S/R | D18: HMI_LANE | E18: rt_Array_HMI_LANE_BUS_8 | F18: =IF(AND(ISNA(VLOOKUP(E18,DataType_Platform!A:A,1,FALSE())),ISNA(VLOOKUP(E18,BaseType!A:A,1,FALSE()))),"N","Y") -> Y | H18: Explict | I18: N | M18: N
A19: autosar_swc_val | B19: Inport | C19: S/R | D19: HMI_OBJECT | E19: rt_Array_HMI_OBJECT_BUS_10 | F19: =IF(AND(ISNA(VLOOKUP(E19,DataType_Platform!A:A,1,FALSE())),ISNA(VLOOKUP(E19,BaseType!A:A,1,FALSE()))),"N","Y") -> Y | H19: Explict | I19: N | M19: N
A20: autosar_swc_val | B20: Inport | C20: S/R | D20: HMI_Light_Req | E20: HMI_Light_Req_MSG_BUS | F20: =IF(AND(ISNA(VLOOKUP(E20,DataType_Platform!A:A,1,FALSE())),ISNA(VLOOKUP(E20,BaseType!A:A,1,FALSE()))),"N","Y") -> Y | H20: Explict | I20: N | M20: N
A21: autosar_swc_val | B21: Inport | C21: S/R | D21: VAL_MemSet_SteerAngOffsetInit | E21: single | F21: =IF(AND(ISNA(VLOOKUP(E21,DataType_Platform!A:A,1,FALSE())),ISNA(VLOOKUP(E21,BaseType!A:A,1,FALSE()))),"N","Y") -> Y | H21: Explict | I21: N | K21: 0 | L21: 0 | M21: N | N21: 0 | O21: 0
A22: autosar_swc_val | B22: Inport | C22: S/R | D22: VAL_MemSet_TSRInit | E22: TSR_INIT_BUS | F22: =IF(AND(ISNA(VLOOKUP(E22,DataType_Platform!A:A,1,FALSE())),ISNA(VLOOKUP(E22,BaseType!A:A,1,FALSE()))),"N","Y") -> Y | H22: Explict | I22: N | K22: 0 | L22: 0 | M22: N | N22: 0 | O22: 0
A23: autosar_swc_val | B23: Inport | C23: S/R | D23: VAL_MemSet_TimeGapInit | E23: uint8 | F23: =IF(AND(ISNA(VLOOKUP(E23,DataType_Platform!A:A,1,FALSE())),ISNA(VLOOKUP(E23,BaseType!A:A,1,FALSE()))),"N","Y") -> Y | H23: Explict | I23: N | K23: 0 | L23: 0 | M23: N | N23: 0 | O23: 0
A24: autosar_swc_val | B24: Inport | C24: S/R | D24: VAL_MemSet_ACCStsInit | E24: uint8 | F24: =IF(AND(ISNA(VLOOKUP(E24,DataType_Platform!A:A,1,FALSE())),ISNA(VLOOKUP(E24,BaseType!A:A,1,FALSE()))),"N","Y") -> Y | H24: Explict | I24: N | K24: 0 | L24: 0 | M24: N | N24: 0 | O24: 0
A25: autosar_swc_val | B25: Inport | C25: S/R | D25: VAL_MemSet_ICASStsInit | E25: uint8 | F25: =IF(AND(ISNA(VLOOKUP(E25,DataType_Platform!A:A,1,FALSE())),ISNA(VLOOKUP(E25,BaseType!A:A,1,FALSE()))),"N","Y") -> Y | H25: Explict | I25: N | K25: 0 | L25: 0 | M25: N | N25: 0 | O25: 0
A26: autosar_swc_val | B26: Inport | C26: S/R | D26: SysIn_NvM_Read | E26: NvM_ACCESS_BUS | F26: =IF(AND(ISNA(VLOOKUP(E26,DataType_Platform!A:A,1,FALSE())),ISNA(VLOOKUP(E26,BaseType!A:A,1,FALSE()))),"N","Y") -> Y | H26: Explict | I26: N | M26: N
A27: autosar_swc_val | B27: Inport | C27: S/R | D27: J3_LANE | E27: J3_LANE_BUS | F27: =IF(AND(ISNA(VLOOKUP(E27,DataType_Platform!A:A,1,FALSE())),ISNA(VLOOKUP(E27,BaseType!A:A,1,FALSE()))),"N","Y") -> Y | H27: Explict | I27: N
A28: autosar_swc_val | B28: Inport | C28: S/R | D28: FM_SAF_OUT | E28: FM_SAF_OUT_BUS | F28: =IF(AND(ISNA(VLOOKUP(E28,DataType_Platform!A:A,1,FALSE())),ISNA(VLOOKUP(E28,BaseType!A:A,1,FALSE()))),"N","Y") -> Y | G28: 功能安全指令 | H28: Explict | I28: N
A29: autosar_swc_val | B29: Inport | C29: C/S | D29: Val_WdgMAliveCall() | E29: Std_ReturnType | F29: =IF(AND(ISNA(VLOOKUP(E29,DataType_Platform!A:A,1,FALSE())),ISNA(VLOOKUP(E29,BaseType!A:A,1,FALSE()))),"N","Y") -> Y | G29: 程序流-存活点 | H29: Sync | I29: N | L29: N
A30: autosar_swc_val | B30: Inport | C30: C/S | D30: Val_WdgMDdlStartCall() | E30: Std_ReturnType | F30: =IF(AND(ISNA(VLOOKUP(E30,DataType_Platform!A:A,1,FALSE())),ISNA(VLOOKUP(E30,BaseType!A:A,1,FALSE()))),"N","Y") -> Y | G30: 程序流-期限起点 | H30: Sync | I30: N | L30: N
A31: autosar_swc_val | B31: Inport | C31: C/S | D31: Val_WdgMDdlStopCall() | E31: Std_ReturnType | F31: =IF(AND(ISNA(VLOOKUP(E31,DataType_Platform!A:A,1,FALSE())),ISNA(VLOOKUP(E31,BaseType!A:A,1,FALSE()))),"N","Y") -> Y | G31: 程序流-期限终点 | H31: Sync | I31: N | L31: N
A32: autosar_swc_val | B32: Outport | C32: S/R | D32: VAL_Heartbeat_Info | E32: SM_HEART_BEAT_INFO | F32: =IF(AND(ISNA(VLOOKUP(E32,DataType_Platform!A:A,1,FALSE())),ISNA(VLOOKUP(E32,BaseType!A:A,1,FALSE()))),"N","Y") -> Y | H32: Explict | I32: N | K32: 0 | L32: 0 | M32: N | N32: 0 | O32: 0
A33: autosar_swc_val | B33: Outport | C33: S/R | D33: VAL_DRIVER_SWITCH | E33: VAL_DRIVER_SWITCH_BUS | F33: =IF(AND(ISNA(VLOOKUP(E33,DataType_Platform!A:A,1,FALSE())),ISNA(VLOOKUP(E33,BaseType!A:A,1,FALSE()))),"N","Y") -> Y | H33: Explict | I33: N | K33: 0 | L33: 0 | M33: N | N33: 0 | O33: 0
A34: autosar_swc_val | B34: Outport | C34: S/R | D34: VAL_DRIVER_DRIVE | E34: VAL_DRIVER_DRIVE_BUS | F34: =IF(AND(ISNA(VLOOKUP(E34,DataType_Platform!A:A,1,FALSE())),ISNA(VLOOKUP(E34,BaseType!A:A,1,FALSE()))),"N","Y") -> Y | H34: Explict | I34: N | K34: 0 | L34: 0 | M34: N | N34: 0 | O34: 0
A35: autosar_swc_val | B35: Outport | C35: S/R | D35: VAL_DRIVER_STATE | E35: VAL_DRIVER_STATE_BUS | F35: =IF(AND(ISNA(VLOOKUP(E35,DataType_Platform!A:A,1,FALSE())),ISNA(VLOOKUP(E35,BaseType!A:A,1,FALSE()))),"N","Y") -> Y | H35: Explict | I35: N | K35: 0 | L35: 0 | M35: N | N35: 0 | O35: 0
A36: autosar_swc_val | B36: Outport | C36: S/R | D36: VAL_VEHICLE_STATE | E36: VAL_VEHICLE_STATE_BUS | F36: =IF(AND(ISNA(VLOOKUP(E36,DataType_Platform!A:A,1,FALSE())),ISNA(VLOOKUP(E36,BaseType!A:A,1,FALSE()))),"N","Y") -> Y | H36: Explict | I36: N | K36: 0 | L36: 0 | M36: N | N36: 0 | O36: 0
A37: autosar_swc_val | B37: Outport | C37: S/R | D37: VAL_VEHICLE_FUNC | E37: VAL_VEHICLE_FUNC_BUS | F37: =IF(AND(ISNA(VLOOKUP(E37,DataType_Platform!A:A,1,FALSE())),ISNA(VLOOKUP(E37,BaseType!A:A,1,FALSE()))),"N","Y") -> Y | H37: Explict | I37: N | K37: 0 | L37: 0 | M37: N | N37: 0 | O37: 0
A38: autosar_swc_val | B38: Outport | C38: S/R | D38: VAL_VEHICLE_PARTS | E38: VAL_VEHICLE_PARTS_BUS | F38: =IF(AND(ISNA(VLOOKUP(E38,DataType_Platform!A:A,1,FALSE())),ISNA(VLOOKUP(E38,BaseType!A:A,1,FALSE()))),"N","Y") -> Y | H38: Explict | I38: N | K38: 0 | L38: 0 | M38: N | N38: 0 | O38: 0
A39: autosar_swc_val | B39: Outport | C39: S/R | D39: VAL_ENV | E39: VAL_ENV_BUS | F39: =IF(AND(ISNA(VLOOKUP(E39,DataType_Platform!A:A,1,FALSE())),ISNA(VLOOKUP(E39,BaseType!A:A,1,FALSE()))),"N","Y") -> Y | H39: Explict | I39: N | K39: 0 | L39: 0 | M39: N | N39: 0 | O39: 0
A40: autosar_swc_val | B40: Outport | C40: S/R | D40: VAL_CONFIG | E40: VAL_CONFIG_BUS | F40: =IF(AND(ISNA(VLOOKUP(E40,DataType_Platform!A:A,1,FALSE())),ISNA(VLOOKUP(E40,BaseType!A:A,1,FALSE()))),"N","Y") -> Y | H40: Explict | I40: N | K40: 0 | L40: 0 | M40: N | N40: 0 | O40: 0
A41: autosar_swc_val | B41: Outport | C41: S/R | D41: VAL_ICC_NAV | E41: VAL_ICC_NAV_BUS | F41: =IF(AND(ISNA(VLOOKUP(E41,DataType_Platform!A:A,1,FALSE())),ISNA(VLOOKUP(E41,BaseType!A:A,1,FALSE()))),"N","Y") -> Y | H41: Explict | I41: N | K41: 0 | L41: 0 | M41: N | N41: 0 | O41: 0
A42: autosar_swc_val | B42: Outport | C42: S/R | D42: VAL_MemGet_TSRInit | E42: TSR_INIT_BUS | F42: =IF(AND(ISNA(VLOOKUP(E42,DataType_Platform!A:A,1,FALSE())),ISNA(VLOOKUP(E42,BaseType!A:A,1,FALSE()))),"N","Y") -> Y | H42: Explict | I42: N | K42: 0 | L42: 0 | M42: N | N42: 0 | O42: 0
A43: autosar_swc_val | B43: Outport | C43: S/R | D43: VAL_MemGet_SteerAngOffsetInit | E43: single | F43: =IF(AND(ISNA(VLOOKUP(E43,DataType_Platform!A:A,1,FALSE())),ISNA(VLOOKUP(E43,BaseType!A:A,1,FALSE()))),"N","Y") -> Y | H43: Explict | I43: N | K43: 0 | L43: 0 | M43: N | N43: 0 | O43: 0
... A46: autosar_swc_val | B46: Outport | C46: S/R | D46: VAL_MemGet_ICASStsInit | E46: uint8 | F46: =IF(AND(ISNA(VLOOKUP(E46,DataType_Platform!A:A,1,FALSE())),ISNA(VLOOKUP(E46,BaseType!A:A,1,FALSE()))),"N","Y") -> Y | H46: Explict | I46: N | K46: 0 | L46: 0 | M46: N | N46: 0 | O46: 0
A47: autosar_swc_val | B47: Outport | C47: S/R | D47: SysOut_NvM_Write | E47: NvM_ACCESS_BUS | F47: =IF(AND(ISNA(VLOOKUP(E47,DataType_Platform!A:A,1,FALSE())),ISNA(VLOOKUP(E47,BaseType!A:A,1,FALSE()))),"N","Y") -> Y | H47: Explict | I47: N | M47: N
A48: autosar_swc_val | B48: Outport | C48: S/R | D48: ARBN_Feedback | E48: ARBN_Feedback_BUS | F48: =IF(AND(ISNA(VLOOKUP(E48,DataType_Platform!A:A,1,FALSE())),ISNA(VLOOKUP(E48,BaseType!A:A,1,FALSE()))),"N","Y") -> Y | H48: Explict | I48: N | M48: N
A49: autosar_swc_val | B49: Outport | C49: S/R | D49: VAL_SAF_TrigSftyAct | E49: VAL_SAF_TrigSftyAct_BUS | F49: =IF(AND(ISNA(VLOOKUP(E49,DataType_Platform!A:A,1,FALSE())),ISNA(VLOOKUP(E49,BaseType!A:A,1,FALSE()))),"N","Y") -> Y | G49: 本轮点火循环是否触发了功能安全重写 | H49: Explict | I49: N
A50: autosar_swc_val | B50: Outport | C50: S/R | D50: VAL_SAF_FUSAIN | E50: VAL_SAF_FUSAIN_BUS | F50: =IF(AND(ISNA(VLOOKUP(E50,DataType_Platform!A:A,1,FALSE())),ISNA(VLOOKUP(E50,BaseType!A:A,1,FALSE()))),"N","Y") -> Y | G50: VAL解析给到fusamonitor的功能安全输入 | H50: Explict | I50: N
A51: autosar_swc_vme | B51: Inport | C51: S/R | D51: StbM_TimeStamp | E51: StbM_TimeStampExtendedType | F51: =IF(AND(ISNA(VLOOKUP(E51,DataType_Platform!A:A,1,FALSE())),ISNA(VLOOKUP(E51,BaseType!A:A,1,FALSE()))),"N","Y") -> Y | H51: Explict | I51: N | K51: 0 | L51: 0 | M51: N | N51: 0 | O51: 0
A52: autosar_swc_vme | B52: Inport | C52: S/R | D52: VAL_VEHICLE_STATE | E52: VAL_VEHICLE_STATE_BUS | F52: =IF(AND(ISNA(VLOOKUP(E52,DataType_Platform!A:A,1,FALSE())),ISNA(VLOOKUP(E52,BaseType!A:A,1,FALSE()))),"N","Y") -> Y | H52: Explict | I52: N | K52: 0 | L52: 0 | M52: N | N52: 0 | O52: 0
A53: autosar_swc_vme | B53: Inport | C53: S/R | D53: VAL_MemGet_SteerAngOffsetInit | E53: single | F53: =IF(AND(ISNA(VLOOKUP(E53,DataType_Platform!A:A,1,FALSE())),ISNA(VLOOKUP(E53,BaseType!A:A,1,FALSE()))),"N","Y") -> Y | H53: Explict | I53: N | K53: 0 | L53: 0 | M53: N | N53: 0 | O53: 0
A54: autosar_swc_vme | B54: Outport | C54: S/R | D54: VME_Heartbeat_Info | E54: SM_HEART_BEAT_INFO | F54: =IF(AND(ISNA(VLOOKUP(E54,DataType_Platform!A:A,1,FALSE())),ISNA(VLOOKUP(E54,BaseType!A:A,1,FALSE()))),"N","Y") -> Y | H54: Explict | I54: N | M54: N
A55: autosar_swc_vme | B55: Outport | C55: S/R | D55: axvRefMs2 | E55: single | F55: =IF(AND(ISNA(VLOOKUP(E55,DataType_Platform!A:A,1,FALSE())),ISNA(VLOOKUP(E55,BaseType!A:A,1,FALSE()))),"N","Y") -> Y | H55: Explict | I55: N | K55: 0 | L55: 0 | M55: N | N55: 0 | O55: 0
A56: autosar_swc_vme | B56: Outport | C56: S/R | D56: vxvRefMs | E56: single | F56: =IF(AND(ISNA(VLOOKUP(E56,DataType_Platform!A:A,1,FALSE())),ISNA(VLOOKUP(E56,BaseType!A:A,1,FALSE()))),"N","Y") -> Y | H56: Explict | I56: N | K56: 0 | L56: 0 | M56: N | N56: 0 | O56: 0
A57: autosar_swc_vme | B57: Outport | C57: S/R | D57: axvRoadSlopeMs2 | E57: single | F57: =IF(AND(ISNA(VLOOKUP(E57,DataType_Platform!A:A,1,FALSE())),ISNA(VLOOKUP(E57,BaseType!A:A,1,FALSE()))),"N","Y") -> Y | H57: Explict | I57: N | K57: 0 | L57: 0 | M57: N | N57: 0 | O57: 0
A58: autosar_swc_vme | B58: Outport | C58: S/R | D58: axRefMs2 | E58: single | F58: =IF(AND(ISNA(VLOOKUP(E58,DataType_Platform!A:A,1,FALSE())),ISNA(VLOOKUP(E58,BaseType!A:A,1,FALSE()))),"N","Y") -> Y | H58: Explict | I58: N | K58: 0 | L58: 0 | M58: N | N58: 0 | O58: 0
A59: autosar_swc_vme | B59: Outport | C59: S/R | D59: axRefDt | E59: single | F59: =IF(AND(ISNA(VLOOKUP(E59,DataType_Platform!A:A,1,FALSE())),ISNA(VLOOKUP(E59,BaseType!A:A,1,FALSE()))),"N","Y") -> Y | H59: Explict | I59: N | K59: 0 | L59: 0 | M59: N | N59: 0 | O59: 0
A60: autosar_swc_vme | B60: Outport | C60: S/R | D60: psiDtOpt | E60: single | F60: =IF(AND(ISNA(VLOOKUP(E60,DataType_Platform!A:A,1,FALSE())),ISNA(VLOOKUP(E60,BaseType!A:A,1,FALSE()))),"N","Y") -> Y | H60: Explict | I60: N | K60: 0 | L60: 0 | M60: N | N60: 0 | O60: 0
A61: autosar_swc_vme | B61: Outport | C61: S/R | D61: ayvRefMs2 | E61: single | F61: =IF(AND(ISNA(VLOOKUP(E61,DataType_Platform!A:A,1,FALSE())),ISNA(VLOOKUP(E61,BaseType!A:A,1,FALSE()))),"N","Y") -> Y | H61: Explict | I61: N | K61: 0 | L61: 0 | M61: N | N61: 0 | O61: 0
A62: autosar_swc_vme | B62: Outport | C62: S/R | D62: alpSideSlipAngle | E62: single | F62: =IF(AND(ISNA(VLOOKUP(E62,DataType_Platform!A:A,1,FALSE())),ISNA(VLOOKUP(E62,BaseType!A:A,1,FALSE()))),"N","Y") -> Y | H62: Explict | I62: N | K62: 0 | L62: 0 | M62: N | N62: 0 | O62: 0
A63: autosar_swc_vme | B63: Outport | C63: S/R | D63: kapTraj | E63: single | F63: =IF(AND(ISNA(VLOOKUP(E63,DataType_Platform!A:A,1,FALSE())),ISNA(VLOOKUP(E63,BaseType!A:A,1,FALSE()))),"N","Y") -> Y | H63: Explict | I63: N | K63: 0 | L63: 0 | M63: N | N63: 0 | O63: 0
A64: autosar_swc_vme | B64: Outport | C64: S/R | D64: alpSumSlideCurveness | E64: single | F64: =IF(AND(ISNA(VLOOKUP(E64,DataType_Platform!A:A,1,FALSE())),ISNA(VLOOKUP(E64,BaseType!A:A,1,FALSE()))),"N","Y") -> Y | H64: Explict | I64: N | K64: 0 | L64: 0 | M64: N | N64: 0 | O64: 0
A65: autosar_swc_vme | B65: Outport | C65: S/R | D65: SteerAngleOffset_deg | E65: single | F65: =IF(AND(ISNA(VLOOKUP(E65,DataType_Platform!A:A,1,FALSE())),ISNA(VLOOKUP(E65,BaseType!A:A,1,FALSE()))),"N","Y") -> Y | H65: Explict | I65: N | K65: 0 | L65: 0 | M65: N | N65: 0 | O65: 0
A66: autosar_swc_vme | B66: Outport | C66: S/R | D66: VAL_MemSet_SteerAngOffsetInit | E66: single | F66: =IF(AND(ISNA(VLOOKUP(E66,DataType_Platform!A:A,1,FALSE())),ISNA(VLOOKUP(E66,BaseType!A:A,1,FALSE()))),"N","Y") -> Y | H66: Explict | I66: N | K66: 0 | L66: 0 | M66: N | N66: 0 | O66: 0
... A69: autosar_swc_vme | B69: Outport | C69: S/R | D69: jerkyMs3 | E69: single | F69: =IF(AND(ISNA(VLOOKUP(E69,DataType_Platform!A:A,1,FALSE())),ISNA(VLOOKUP(E69,BaseType!A:A,1,FALSE()))),"N","Y") -> Y | H69: Explict | I69: N | K69: 0 | L69: 0 | M69: N | N69: 0 | O69: 0
A70: autosar_swc_rlgs | B70: Inport | C70: S/R | D70: StbM_TimeStamp | E70: StbM_TimeStampExtendedType | F70: =IF(AND(ISNA(VLOOKUP(E70,DataType_Platform!A:A,1,FALSE())),ISNA(VLOOKUP(E70,BaseType!A:A,1,FALSE()))),"N","Y") -> Y | H70: Explict | I70: N
A71: autosar_swc_rlgs | B71: Inport | C71: S/R | D71: vxvRefMs | E71: single | F71: =IF(AND(ISNA(VLOOKUP(E71,DataType_Platform!A:A,1,FALSE())),ISNA(VLOOKUP(E71,BaseType!A:A,1,FALSE()))),"N","Y") -> Y | H71: Explict | I71: N | K71: 0 | L71: 0 | M71: N | N71: 0 | O71: 0
A72: autosar_swc_rlgs | B72: Inport | C72: S/R | D72: kapTraj | E72: single | F72: =IF(AND(ISNA(VLOOKUP(E72,DataType_Platform!A:A,1,FALSE())),ISNA(VLOOKUP(E72,BaseType!A:A,1,FALSE()))),"N","Y") -> Y | H72: Explict | I72: N | K72: 0 | L72: 0 | M72: N | N72: 0 | O72: 0
A73: autosar_swc_rlgs | B73: Inport | C73: S/R | D73: alpSideSlipAngle | E73: single | F73: =IF(AND(ISNA(VLOOKUP(E73,DataType_Platform!A:A,1,FALSE())),ISNA(VLOOKUP(E73,BaseType!A:A,1,FALSE()))),"N","Y") -> Y | H73: Explict | I73: N | K73: 0 | L73: 0 | M73: N | N73: 0 | O73: 0
A74: autosar_swc_rlgs | B74: Inport | C74: S/R | D74: psiDtOpt | E74: single | F74: =IF(AND(ISNA(VLOOKUP(E74,DataType_Platform!A:A,1,FALSE())),ISNA(VLOOKUP(E74,BaseType!A:A,1,FALSE()))),"N","Y") -> Y | H74: Explict | I74: N | K74: 0 | L74: 0 | M74: N | N74: 0 | O74: 0
A75: autosar_swc_rlgs | B75: Inport | C75: S/R | D75: TOS_UpdateCnt | E75: uint32 | F75: =IF(AND(ISNA(VLOOKUP(E75,DataType_Platform!A:A,1,FALSE())),ISNA(VLOOKUP(E75,BaseType!A:A,1,FALSE()))),"N","Y") -> Y | H75: Explict | I75: N | K75: 0 | L75: 0 | M75: N | N75: 0 | O75: 0
A76: autosar_swc_rlgs | B76: Inport | C76: S/R | D76: ICAS_STATE | E76: ICAS_STATE_BUS | F76: =IF(AND(ISNA(VLOOKUP(E76,DataType_Platform!A:A,1,FALSE())),ISNA(VLOOKUP(E76,BaseType!A:A,1,FALSE()))),"N","Y") -> Y | H76: Explict | I76: N | K76: 0 | L76: 0 | M76: N | N76: 0 | O76: 0
A77: autosar_swc_rlgs | B77: Inport | C77: S/R | D77: J3_TSR | E77: J3_TSR_BUS | F77: =IF(AND(ISNA(VLOOKUP(E77,DataType_Platform!A:A,1,FALSE())),ISNA(VLOOKUP(E77,BaseType!A:A,1,FALSE()))),"N","Y") -> Y | H77: Explict | I77: N | M77: N
A78: autosar_swc_rlgs | B78: Inport | C78: S/R | D78: J3_RM | E78: J3_RM_BUS | F78: =IF(AND(ISNA(VLOOKUP(E78,DataType_Platform!A:A,1,FALSE())),ISNA(VLOOKUP(E78,BaseType!A:A,1,FALSE()))),"N","Y") -> Y | H78: Explict | I78: N | K78: 0 | L78: 0 | M78: N | N78: 0 | O78: 0
A79: autosar_swc_rlgs | B79: Inport | C79: S/R | D79: J3_TFC | E79: J3_TFC_BUS | F79: =IF(AND(ISNA(VLOOKUP(E79,DataType_Platform!A:A,1,FALSE())),ISNA(VLOOKUP(E79,BaseType!A:A,1,FALSE()))),"N","Y") -> Y | H79: Explict | I79: N | K79: 0 | L79: 0 | M79: N | N79: 0 | O79: 0
A80: autosar_swc_rlgs | B80: Inport | C80: S/R | D80: J3_LANE | E80: J3_LANE_BUS | F80: =IF(AND(ISNA(VLOOKUP(E80,DataType_Platform!A:A,1,FALSE())),ISNA(VLOOKUP(E80,BaseType!A:A,1,FALSE()))),"N","Y") -> Y | H80: Explict | I80: N | K80: 0 | L80: 0 | M80: N | N80: 0 | O80: 0
A81: autosar_swc_rlgs | B81: Inport | C81: S/R | D81: J3_TFL | E81: J3_TFL_BUS | F81: =IF(AND(ISNA(VLOOKUP(E81,DataType_Platform!A:A,1,FALSE())),ISNA(VLOOKUP(E81,BaseType!A:A,1,FALSE()))),"N","Y") -> Y | H81: Explict | I81: N | K81: 0 | L81: 0 | M81: N | N81: 0 | O81: 0
A82: autosar_swc_rlgs | B82: Inport | C82: S/R | D82: VMP_TRAJ | E82: VMP_TRAJ_BUS | F82: =IF(AND(ISNA(VLOOKUP(E82,DataType_Platform!A:A,1,FALSE())),ISNA(VLOOKUP(E82,BaseType!A:A,1,FALSE()))),"N","Y") -> Y | H82: Explict | I82: N | K82: 0 | L82: 0 | M82: N | N82: 0 | O82: 0
A83: autosar_swc_rlgs | B83: Inport | C83: S/R | D83: VMP_STS | E83: VMP_STS_BUS | F83: =IF(AND(ISNA(VLOOKUP(E83,DataType_Platform!A:A,1,FALSE())),ISNA(VLOOKUP(E83,BaseType!A:A,1,FALSE()))),"N","Y") -> Y | H83: Explict | I83: N
A84: autosar_swc_rlgs | B84: Inport | C84: S/R | D84: EHRV2_HDR | E84: EHRV2_HDR_BUS | F84: =IF(AND(ISNA(VLOOKUP(E84,DataType_Platform!A:A,1,FALSE())),ISNA(VLOOKUP(E84,BaseType!A:A,1,FALSE()))),"N","Y") -> Y | H84: Explict | I84: N | K84: 0 | L84: 0 | M84: N | N84: 0 | O84: 0
A85: autosar_swc_rlgs | B85: Inport | C85: S/R | D85: EHRV2_EGO_POSE | E85: EHRV2_EGO_POSE_BUS | F85: =IF(AND(ISNA(VLOOKUP(E85,DataType_Platform!A:A,1,FALSE())),ISNA(VLOOKUP(E85,BaseType!A:A,1,FALSE()))),"N","Y") -> Y | H85: Explict | I85: N | K85: 0 | L85: 0 | M85: N | N85: 0 | O85: 0
A86: autosar_swc_rlgs | B86: Inport | C86: S/R | D86: EHRV2_SEGMENT_INFO | E86: rt_Array_EHRV2_SEGMENT_INFO_BUS_20 | F86: =IF(AND(ISNA(VLOOKUP(E86,DataType_Platform!A:A,1,FALSE())),ISNA(VLOOKUP(E86,BaseType!A:A,1,FALSE()))),"N","Y") -> Y | H86: Explict | I86: N | K86: 0 | L86: 0 | M86: N | N86: 0 | O86: 0
A87: autosar_swc_rlgs | B87: Inport | C87: S/R | D87: EHRV2_LANE_INFO | E87: rt_Array_EHRV2_NAV_LANE_BUS_20 | F87: =IF(AND(ISNA(VLOOKUP(E87,DataType_Platform!A:A,1,FALSE())),ISNA(VLOOKUP(E87,BaseType!A:A,1,FALSE()))),"N","Y") -> Y | H87: Explict | I87: N | K87: 0 | L87: 0 | M87: N | N87: 0 | O87: 0
A88: autosar_swc_rlgs | B88: Inport | C88: S/R | D88: EHRV2_NAV_INFO | E88: EHRV2_NAV_INFO_BUS | F88: =IF(AND(ISNA(VLOOKUP(E88,DataType_Platform!A:A,1,FALSE())),ISNA(VLOOKUP(E88,BaseType!A:A,1,FALSE()))),"N","Y") -> Y | H88: Explict | I88: N | K88: 0 | L88: 0 | M88: N | N88: 0 | O88: 0
A89: autosar_swc_rlgs | B89: Inport | C89: S/R | D89: EHRV2_DYNAMIC_INFO | E89: EHRV2_DYNAMIC_INFO_BUS | F89: =IF(AND(ISNA(VLOOKUP(E89,DataType_Platform!A:A,1,FALSE())),ISNA(VLOOKUP(E89,BaseType!A:A,1,FALSE()))),"N","Y") -> Y | H89: Explict | I89: N | K89: 0 | L89: 0 | M89: N | N89: 0 | O89: 0
A90: autosar_swc_rlgs | B90: Inport | C90: S/R | D90: EHRV2_ROAD_ROI | E90: EHRV2_ROAD_ROI_BUS | F90: =IF(AND(ISNA(VLOOKUP(E90,DataType_Platform!A:A,1,FALSE())),ISNA(VLOOKUP(E90,BaseType!A:A,1,FALSE()))),"N","Y") -> Y | H90: Explict | I90: N | K90: 0 | L90: 0 | M90: N | N90: 0 | O90: 0
A91: autosar_swc_rlgs | B91: Inport | C91: S/R | D91: VAL_DRIVER_DRIVE | E91: VAL_DRIVER_DRIVE_BUS | F91: =IF(AND(ISNA(VLOOKUP(E91,DataType_Platform!A:A,1,FALSE())),ISNA(VLOOKUP(E91,BaseType!A:A,1,FALSE()))),"N","Y") -> Y | H91: Explict | I91: N | K91: 0 | L91: 0 | M91: N | N91: 0 | O91: 0
A92: autosar_swc_rlgs | B92: Inport | C92: S/R | D92: VAL_VEHICLE_STATE | E92: VAL_VEHICLE_STATE_BUS | F92: =IF(AND(ISNA(VLOOKUP(E92,DataType_Platform!A:A,1,FALSE())),ISNA(VLOOKUP(E92,BaseType!A:A,1,FALSE()))),"N","Y") -> Y | H92: Explict | I92: N | K92: 0 | L92: 0 | M92: N | N92: 0 | O92: 0
A93: autosar_swc_rlgs | B93: Inport | C93: S/R | D93: VAL_DRIVER_SWITCH | E93: VAL_DRIVER_SWITCH_BUS | F93: =IF(AND(ISNA(VLOOKUP(E93,DataType_Platform!A:A,1,FALSE())),ISNA(VLOOKUP(E93,BaseType!A:A,1,FALSE()))),"N","Y") -> Y | H93: Explict | I93: N | K93: 0 | L93: 0 | M93: N | N93: 0 | O93: 0
A94: autosar_swc_rlgs | B94: Inport | C94: S/R | D94: VAL_ENV | E94: VAL_ENV_BUS | F94: =IF(AND(ISNA(VLOOKUP(E94,DataType_Platform!A:A,1,FALSE())),ISNA(VLOOKUP(E94,BaseType!A:A,1,FALSE()))),"N","Y") -> Y | H94: Explict | I94: N | K94: 0 | L94: 0 | M94: N | N94: 0 | O94: 0
A95: autosar_swc_rlgs | B95: Inport | C95: S/R | D95: VAL_DRIVER_STATE | E95: VAL_DRIVER_STATE_BUS | F95: =IF(AND(ISNA(VLOOKUP(E95,DataType_Platform!A:A,1,FALSE())),ISNA(VLOOKUP(E95,BaseType!A:A,1,FALSE()))),"N","Y") -> Y | H95: Explict | I95: N | K95: 0 | L95: 0 | M95: N | N95: 0 | O95: 0
A96: autosar_swc_rlgs | B96: Inport | C96: S/R | D96: VAL_VEHICLE_PARTS | E96: VAL_VEHICLE_PARTS_BUS | F96: =IF(AND(ISNA(VLOOKUP(E96,DataType_Platform!A:A,1,FALSE())),ISNA(VLOOKUP(E96,BaseType!A:A,1,FALSE()))),"N","Y") -> Y | H96: Explict | I96: N | K96: 0 | L96: 0 | M96: N | N96: 0 | O96: 0
A97: autosar_swc_rlgs | B97: Inport | C97: S/R | D97: VAL_ICC_NAV | E97: VAL_ICC_NAV_BUS | F97: =IF(AND(ISNA(VLOOKUP(E97,DataType_Platform!A:A,1,FALSE())),ISNA(VLOOKUP(E97,BaseType!A:A,1,FALSE()))),"N","Y") -> Y | H97: Explict | I97: N
A98: autosar_swc_rlgs | B98: Inport | C98: S/R | D98: CSM_CTRL | E98: CSC_CTRL_BUS | F98: =IF(AND(ISNA(VLOOKUP(E98,DataType_Platform!A:A,1,FALSE())),ISNA(VLOOKUP(E98,BaseType!A:A,1,FALSE()))),"N","Y") -> Y | H98: Explict | I98: N | K98: 0 | L98: 0 | M98: N | N98: 0 | O98: 0
A99: autosar_swc_rlgs | B99: Inport | C99: S/R | D99: EVM_CIPV_TRAJ | E99: EVM_CIPV_TRAJ_BUS | F99: =IF(AND(ISNA(VLOOKUP(E99,DataType_Platform!A:A,1,FALSE())),ISNA(VLOOKUP(E99,BaseType!A:A,1,FALSE()))),"N","Y") -> Y | H99: Explict | I99: N | K99: 0 | L99: 0 | M99: N | N99: 0 | O99: 0
A100: autosar_swc_rlgs | B100: Inport | C100: S/R | D100: EVM_VT_LANE | E100: EVM_VT_LANE_BUS | F100: =IF(AND(ISNA(VLOOKUP(E100,DataType_Platform!A:A,1,FALSE())),ISNA(VLOOKUP(E100,BaseType!A:A,1,FALSE()))),"N","Y") -> Y | H100: Explict | I100: N
A101: autosar_swc_rlgs | B101: Inport | C101: S/R | D101: EVM_LANE_MAXSPD | E101: rt_Array_EVM_LANE_MAXSPD_BUS_3 | F101: =IF(AND(ISNA(VLOOKUP(E101,DataType_Platform!A:A,1,FALSE())),ISNA(VLOOKUP(E101,BaseType!A:A,1,FALSE()))),"N","Y") -> Y | H101: Explict | I101: N
A102: autosar_swc_rlgs | B102: Outport | C102: S/R | D102: RLGS_Heartbeat_Info | E102: SM_HEART_BEAT_INFO | F102: =IF(AND(ISNA(VLOOKUP(E102,DataType_Platform!A:A,1,FALSE())),ISNA(VLOOKUP(E102,BaseType!A:A,1,FALSE()))),"N","Y") -> Y | H102: Explict | I102: N | K102: 0 | L102: 0 | M102: N | N102: 0 | O102: 0
A103: autosar_swc_rlgs | B103: Outport | C103: S/R | D103: EVM_DECS | E103: EVM_DECS_BUS | F103: =IF(AND(ISNA(VLOOKUP(E103,DataType_Platform!A:A,1,FALSE())),ISNA(VLOOKUP(E103,BaseType!A:A,1,FALSE()))),"N","Y") -> Y | H103: Explict | I103: N | K103: 0 | L103: 0 | M103: N | N103: 0 | O103: 0
A104: autosar_swc_rlgs | B104: Outport | C104: S/R | D104: EVM_LANE | E104: rt_Array_EVM_LANE_BUS_6 | F104: =IF(AND(ISNA(VLOOKUP(E104,DataType_Platform!A:A,1,FALSE())),ISNA(VLOOKUP(E104,BaseType!A:A,1,FALSE()))),"N","Y") -> Y | H104: Explict | I104: N | K104: 0 | L104: 0 | M104: N | N104: 0 | O104: 0
...

Sheet DataType_Platform
A1: Data Type Name | B1: IsUsed | C1: Member(valid if Data Type is Struct or Enum) | D1: DataType/EnumValue | E1: Dimensions | F1: Data Type Exist | G1: Description | H1: Size(bits) | I1: Min | J1: Max | K1: Factor | L1: Offset | M1: Unit
A2: ICAS_HMI_BUS | B2: =IF(ISBLANK(A2),"",IF(AND(ISNA(VLOOKUP(A2,Interface_Platform!E:E,1,FALSE())),ISNA(VLOOKUP(A2,D:D,1,FALSE()))),"N","Y")) -> Y | D2: Struct | F2: =IF(AND(ISNA(VLOOKUP(D2,A:A,1,FALSE())),ISNA(VLOOKUP(D2,BaseType!A:A,1,FALSE())),D2<>"Struct"),"N","Y") -> Y | H2: 0 | I2: 0 | J2: 0 | K2: 0 | L2: 0 | M2: 0
B3: =IF(ISBLANK(A3),"",IF(AND(ISNA(VLOOKUP(A3,Interface_Platform!E:E,1,FALSE())),ISNA(VLOOKUP(A3,D:D,1,FALSE()))),"N","Y")) | C3: EcallReq | D3: boolean | E3: 1 | F3: =IF(AND(ISNA(VLOOKUP(D3,A:A,1,FALSE())),ISNA(VLOOKUP(D3,BaseType!A:A,1,FALSE())),D3<>"Struct"),"N","Y") -> Y | H3: 0 | I3: 0 | J3: 0 | K3: 0 | L3: 0 | M3: 0
B4: =IF(ISBLANK(A4),"",IF(AND(ISNA(VLOOKUP(A4,Interface_Platform!E:E,1,FALSE())),ISNA(VLOOKUP(A4,D:D,1,FALSE()))),"N","Y")) | C4: ParkShiftReq | D4: boolean | E4: 1 | F4: =IF(AND(ISNA(VLOOKUP(D4,A:A,1,FALSE())),ISNA(VLOOKUP(D4,BaseType!A:A,1,FALSE())),D4<>"Struct"),"N","Y") -> Y | H4: 0 | I4: 0 | J4: 0 | K4: 0 | L4: 0 | M4: 0
B5: =IF(ISBLANK(A5),"",IF(AND(ISNA(VLOOKUP(A5,Interface_Platform!E:E,1,FALSE())),ISNA(VLOOKUP(A5,D:D,1,FALSE()))),"N","Y")) | C5: ACC_ModDisp | D5: uint8 | E5: 1 | F5: =IF(AND(ISNA(VLOOKUP(D5,A:A,1,FALSE())),ISNA(VLOOKUP(D5,BaseType!A:A,1,FALSE())),D5<>"Struct"),"N","Y") -> Y | G5: 0:off 1:passive 2:ready 3:active 4:brakeonly 5:override 6:standwait 7:failure 8:comfort exit 9:standactive | H5: 0 | I5: 0 | J5: 0 | K5: 0 | L5: 0 | M5: 0
B6: =IF(ISBLANK(A6),"",IF(AND(ISNA(VLOOKUP(A6,Interface_Platform!E:E,1,FALSE())),ISNA(VLOOKUP(A6,D:D,1,FALSE()))),"N","Y")) | C6: LCC_ModeDisp | D6: uint8 | E6: 1 | F6: =IF(AND(ISNA(VLOOKUP(D6,A:A,1,FALSE())),ISNA(VLOOKUP(D6,BaseType!A:A,1,FALSE())),D6<>"Struct"),"N","Y") -> Y | G6: 0:off 1:passive 2:ready 3:active 6:wait 7:failure 9:safestop 11:mrc | H6: 0 | I6: 0 | J6: 0 | K6: 0 | L6: 0 | M6: 0
C7: ALC_ModeDisp | D7: uint8 | E7: 1 | F7: =IF(AND(ISNA(VLOOKUP(D7,A:A,1,FALSE())),ISNA(VLOOKUP(D7,BaseType!A:A,1,FALSE())),D7<>"Struct"),"N","Y") -> Y | G7: 0:passive 1:ready 2:confirmle 3:confirmri 4:leftchanging 5rightchanging 8:failure
C8: NOA_ModeDisp | D8: uint8 | E8: 1 | F8: =IF(AND(ISNA(VLOOKUP(D8,A:A,1,FALSE())),ISNA(VLOOKUP(D8,BaseType!A:A,1,FALSE())),D8<>"Struct"),"N","Y") -> Y | G8: 0off/1idle/2ready/3active/7failure
C9: DAI_ModeDisp | D9: uint8 | E9: 1 | F9: =IF(AND(ISNA(VLOOKUP(D9,A:A,1,FALSE())),ISNA(VLOOKUP(D9,BaseType!A:A,1,FALSE())),D9<>"Struct"),"N","Y") -> Y | G9: 0x0=Initial;0x1=Off;0x2=Passive;0x3=Standby;0x4=Active;0x7=Failure
C10: Nudge_ModeDisp | D10: uint8 | E10: 1 | F10: =IF(AND(ISNA(VLOOKUP(D10,A:A,1,FALSE())),ISNA(VLOOKUP(D10,BaseType!A:A,1,FALSE())),D10<>"Struct"),"N","Y") -> Y | G10: 1:off 2:passive 3:ready 4:left 5:right
C11: IHBC_ModeDisp | D11: uint8 | E11: 1 | F11: =IF(AND(ISNA(VLOOKUP(D11,A:A,1,FALSE())),ISNA(VLOOKUP(D11,BaseType!A:A,1,FALSE())),D11<>"Struct"),"N","Y") -> Y | G11: 0:off 1:standby 2:active 3:failure
C12: HighLowBeamReq | D12: uint8 | E12: 1 | F12: =IF(AND(ISNA(VLOOKUP(D12,A:A,1,FALSE())),ISNA(VLOOKUP(D12,BaseType!A:A,1,FALSE())),D12<>"Struct"),"N","Y") -> Y | G12: 1 req
B13: =IF(ISBLANK(A13),"",IF(AND(ISNA(VLOOKUP(A13,Interface_Platform!E:E,1,FALSE())),ISNA(VLOOKUP(A13,D:D,1,FALSE()))),"N","Y")) | C13: InfoDispHMI | D13: uint8 | E13: 2 | F13: =IF(AND(ISNA(VLOOKUP(D13,A:A,1,FALSE())),ISNA(VLOOKUP(D13,BaseType!A:A,1,FALSE())),D13<>"Struct"),"N","Y") -> Y | G13: 第一维作为ACC、LCC 第二维用作NOA、ALC | H13: 0 | I13: 0 | J13: 0 | K13: 0 | L13: 0 | M13: 0
B14: =IF(ISBLANK(A14),"",IF(AND(ISNA(VLOOKUP(A14,Interface_Platform!E:E,1,FALSE())),ISNA(VLOOKUP(A14,D:D,1,FALSE()))),"N","Y")) | C14: HazActv | D14: uint8 | E14: 1 | F14: =IF(AND(ISNA(VLOOKUP(D14,A:A,1,FALSE())),ISNA(VLOOKUP(D14,BaseType!A:A,1,FALSE())),D14<>"Struct"),"N","Y") -> Y | G14: 1 aeb 双闪 2 MRM双闪 | H14: 0 | I14: 0 | J14: 0 | K14: 0 | L14: 0 | M14: 0
B15: =IF(ISBLANK(A15),"",IF(AND(ISNA(VLOOKUP(A15,Interface_Platform!E:E,1,FALSE())),ISNA(VLOOKUP(A15,D:D,1,FALSE()))),"N","Y")) | C15: TurnLampReq | D15: uint8 | E15: 1 | F15: =IF(AND(ISNA(VLOOKUP(D15,A:A,1,FALSE())),ISNA(VLOOKUP(D15,BaseType!A:A,1,FALSE())),D15<>"Struct"),"N","Y") -> Y | H15: 0 | I15: 0 | J15: 0 | K15: 0 | L15: 0 | M15: 0
B16: =IF(ISBLANK(A16),"",IF(AND(ISNA(VLOOKUP(A16,Interface_Platform!E:E,1,FALSE())),ISNA(VLOOKUP(A16,D:D,1,FALSE()))),"N","Y")) | C16: DriveOffDisp | D16: uint8 | E16: 1 | F16: =IF(AND(ISNA(VLOOKUP(D16,A:A,1,FALSE())),ISNA(VLOOKUP(D16,BaseType!A:A,1,FALSE())),D16<>"Struct"),"N","Y") -> Y | G16: 0x0:no request 0x1:The front car has started 0x2:The front car has started,Please pay attention to the road environmentahead 0x3:The front car has started,please keep your attention 0x4:The front car has started,please take over the car | H16: 0 | I16: 0 | J16: 0 | K16: 0 | L16: 0 | M16: 0
B17: =IF(ISBLANK(A17),"",IF(AND(ISNA(VLOOKUP(A17,Interface_Platform!E:E,1,FALSE())),ISNA(VLOOKUP(A17,D:D,1,FALSE()))),"N","Y")) | C17: HandsOffWarningLevel | D17: uint8 | E17: 1 | F17: =IF(AND(ISNA(VLOOKUP(D17,A:A,1,FALSE())),ISNA(VLOOKUP(D17,BaseType!A:A,1,FALSE())),D17<>"Struct"),"N","Y") -> Y | G17: 脱手计时等级1一级2二级3三级4safestop | H17: 0 | I17: 0 | J17: 0 | K17: 0 | L17: 0 | M17: 0
B18: =IF(ISBLANK(A18),"",IF(AND(ISNA(VLOOKUP(A18,Interface_Platform!E:E,1,FALSE())),ISNA(VLOOKUP(A18,D:D,1,FALSE()))),"N","Y")) | C18: DriverInloopMonitor | D18: uint8 | E18: 1 | F18: =IF(AND(ISNA(VLOOKUP(D18,A:A,1,FALSE())),ISNA(VLOOKUP(D18,BaseType!A:A,1,FALSE())),D18<>"Struct"),"N","Y") -> Y | H18: 0 | I18: 0 | J18: 0 | K18: 0 | L18: 0 | M18: 0
B19: =IF(ISBLANK(A19),"",IF(AND(ISNA(VLOOKUP(A19,Interface_Platform!E:E,1,FALSE())),ISNA(VLOOKUP(A19,D:D,1,FALSE()))),"N","Y")) | C19: WarningLevel | D19: uint8 | E19: 1 | F19: =IF(AND(ISNA(VLOOKUP(D19,A:A,1,FALSE())),ISNA(VLOOKUP(D19,BaseType!A:A,1,FALSE())),D19<>"Struct"),"N","Y") -> Y | G19: 这个是HWA的脱手等级输出，用于HMI | H19: 0 | I19: 0 | J19: 0 | K19: 0 | L19: 0 | M19: 0
A20: CSC_CTRL_BUS | B20: =IF(ISBLANK(A20),"",IF(AND(ISNA(VLOOKUP(A20,Interface_Platform!E:E,1,FALSE())),ISNA(VLOOKUP(A20,D:D,1,FALSE()))),"N","Y")) -> Y | D20: Struct | F20: =IF(AND(ISNA(VLOOKUP(D20,A:A,1,FALSE())),ISNA(VLOOKUP(D20,BaseType!A:A,1,FALSE())),D20<>"Struct"),"N","Y") -> Y | H20: 0 | I20: 0 | J20: 0 | K20: 0 | L20: 0 | M20: 0
B21: =IF(ISBLANK(A21),"",IF(AND(ISNA(VLOOKUP(A21,Interface_Platform!E:E,1,FALSE())),ISNA(VLOOKUP(A21,D:D,1,FALSE()))),"N","Y")) | C21: VsetBelowMin | D21: boolean | E21: 1 | F21: =IF(AND(ISNA(VLOOKUP(D21,A:A,1,FALSE())),ISNA(VLOOKUP(D21,BaseType!A:A,1,FALSE())),D21<>"Struct"),"N","Y") -> Y | H21: 0 | I21: 0 | J21: 0 | K21: 0 | L21: 0 | M21: 0
B22: =IF(ISBLANK(A22),"",IF(AND(ISNA(VLOOKUP(A22,Interface_Platform!E:E,1,FALSE())),ISNA(VLOOKUP(A22,D:D,1,FALSE()))),"N","Y")) | C22: CruiseSpdCtrlLevel | D22: uint8 | E22: 1 | F22: =IF(AND(ISNA(VLOOKUP(D22,A:A,1,FALSE())),ISNA(VLOOKUP(D22,BaseType!A:A,1,FALSE())),D22<>"Struct"),"N","Y") -> Y | H22: 0 | I22: 0 | J22: 0 | K22: 0 | L22: 0 | M22: 0
B23: =IF(ISBLANK(A23),"",IF(AND(ISNA(VLOOKUP(A23,Interface_Platform!E:E,1,FALSE())),ISNA(VLOOKUP(A23,D:D,1,FALSE()))),"N","Y")) | C23: TimeGapLevel | D23: uint8 | E23: 1 | F23: =IF(AND(ISNA(VLOOKUP(D23,A:A,1,FALSE())),ISNA(VLOOKUP(D23,BaseType!A:A,1,FALSE())),D23<>"Struct"),"N","Y") -> Y | H23: 0 | I23: 0 | J23: 0 | K23: 0 | L23: 0 | M23: 0
B24: =IF(ISBLANK(A24),"",IF(AND(ISNA(VLOOKUP(A24,Interface_Platform!E:E,1,FALSE())),ISNA(VLOOKUP(A24,D:D,1,FALSE()))),"N","Y")) | C24: CruiseSpdKmh | D24: single | E24: 1 | F24: =IF(AND(ISNA(VLOOKUP(D24,A:A,1,FALSE())),ISNA(VLOOKUP(D24,BaseType!A:A,1,FALSE())),D24<>"Struct"),"N","Y") -> Y | H24: 0 | I24: 0 | J24: 0 | K24: 0 | L24: 0 | M24: 0
B25: =IF(ISBLANK(A25),"",IF(AND(ISNA(VLOOKUP(A25,Interface_Platform!E:E,1,FALSE())),ISNA(VLOOKUP(A25,D:D,1,FALSE()))),"N","Y")) | C25: ISL_APSpdLimSPL | D25: single | E25: 1 | F25: =IF(AND(ISNA(VLOOKUP(D25,A:A,1,FALSE())),ISNA(VLOOKUP(D25,BaseType!A:A,1,FALSE())),D25<>"Struct"),"N","Y") -> Y | H25: 0 | I25: 0 | J25: 0 | K25: 0 | L25: 0 | M25: 0
B26: =IF(ISBLANK(A26),"",IF(AND(ISNA(VLOOKUP(A26,Interface_Platform!E:E,1,FALSE())),ISNA(VLOOKUP(A26,D:D,1,FALSE()))),"N","Y")) | C26: ISL_APSpdLimDist | D26: single | E26: 1 | F26: =IF(AND(ISNA(VLOOKUP(D26,A:A,1,FALSE())),ISNA(VLOOKUP(D26,BaseType!A:A,1,FALSE())),D26<>"Struct"),"N","Y") -> Y | H26: 0 | I26: 0 | J26: 0 | K26: 0 | L26: 0 | M26: 0
A27: CSC_HMI_BUS | B27: =IF(ISBLANK(A27),"",IF(AND(ISNA(VLOOKUP(A27,Interface_Platform!E:E,1,FALSE())),ISNA(VLOOKUP(A27,D:D,1,FALSE()))),"N","Y")) -> Y | D27: Struct | F27: =IF(AND(ISNA(VLOOKUP(D27,A:A,1,FALSE())),ISNA(VLOOKUP(D27,BaseType!A:A,1,FALSE())),D27<>"Struct"),"N","Y") -> Y | H27: 0 | I27: 0 | J27: 0 | K27: 0 | L27: 0 | M27: 0
B28: =IF(ISBLANK(A28),"",IF(AND(ISNA(VLOOKUP(A28,Interface_Platform!E:E,1,FALSE())),ISNA(VLOOKUP(A28,D:D,1,FALSE()))),"N","Y")) | C28: CruiseSpdValueHMI | D28: uint8 | E28: 1 | F28: =IF(AND(ISNA(VLOOKUP(D28,A:A,1,FALSE())),ISNA(VLOOKUP(D28,BaseType!A:A,1,FALSE())),D28<>"Struct"),"N","Y") -> Y | H28: 0 | I28: 0 | J28: 0 | K28: 0 | L28: 0 | M28: 0
B29: =IF(ISBLANK(A29),"",IF(AND(ISNA(VLOOKUP(A29,Interface_Platform!E:E,1,FALSE())),ISNA(VLOOKUP(A29,D:D,1,FALSE()))),"N","Y")) | C29: TimeGapLevelHMI | D29: uint8 | E29: 1 | F29: =IF(AND(ISNA(VLOOKUP(D29,A:A,1,FALSE())),ISNA(VLOOKUP(D29,BaseType!A:A,1,FALSE())),D29<>"Struct"),"N","Y") -> Y | G29: HMI参考上升沿0:不显示 1:Level1 2:Level2 3:Level3 4:Level4 5:Level5 | H29: 0 | I29: 0 | J29: 0 | K29: 0 | L29: 0 | M29: 0
B30: =IF(ISBLANK(A30),"",IF(AND(ISNA(VLOOKUP(A30,Interface_Platform!E:E,1,FALSE())),ISNA(VLOOKUP(A30,D:D,1,FALSE()))),"N","Y")) | C30: InfoDispHMI | D30: uint8 | E30: 1 | F30: =IF(AND(ISNA(VLOOKUP(D30,A:A,1,FALSE())),ISNA(VLOOKUP(D30,BaseType!A:A,1,FALSE())),D30<>"Struct"),"N","Y") -> Y | G30: 0x1:SCF down 0x2:SCF up 0x3:CurvSPL | H30: 0 | I30: 0 | J30: 0 | K30: 0 | L30: 0 | M30: 0
C31: ISL_Sts | D31: uint8 | E31: 1 | F31: =IF(AND(ISNA(VLOOKUP(D31,A:A,1,FALSE())),ISNA(VLOOKUP(D31,BaseType!A:A,1,FALSE())),D31<>"Struct"),"N","Y") -> Y | G31: SCFSts：0x0=off;0x1=Standby/InformActive;0x2=SpeedAdjust;0x3=Failure
C32: ISL_SetSpdAdjReq | D32: uint8 | E32: 1 | F32: =IF(AND(ISNA(VLOOKUP(D32,A:A,1,FALSE())),ISNA(VLOOKUP(D32,BaseType!A:A,1,FALSE())),D32<>"Struct"),"N","Y") -> Y | G32: 0x1:SCF TipSound
C33: ISL_SetSpdAdjVal | D33: single | E33: 1 | F33: =IF(AND(ISNA(VLOOKUP(D33,A:A,1,FALSE())),ISNA(VLOOKUP(D33,BaseType!A:A,1,FALSE())),D33<>"Struct"),"N","Y") -> Y
C34: ISL_NOA_SPL_kph | D34: single | E34: 1 | F34: =IF(AND(ISNA(VLOOKUP(D34,A:A,1,FALSE())),ISNA(VLOOKUP(D34,BaseType!A:A,1,FALSE())),D34<>"Struct"),"N","Y") -> Y
C35: ISL_NOA_SPL_Distance2Split | D35: single | E35: 1 | F35: =IF(AND(ISNA(VLOOKUP(D35,A:A,1,FALSE())),ISNA(VLOOKUP(D35,BaseType!A:A,1,FALSE())),D35<>"Struct"),"N","Y") -> Y
C36: ISL_iAccLoLim_kph | D36: single | E36: 1 | F36: =IF(AND(ISNA(VLOOKUP(D36,A:A,1,FALSE())),ISNA(VLOOKUP(D36,BaseType!A:A,1,FALSE())),D36<>"Struct"),"N","Y") -> Y
C37: ISL_iAccHiLim_kph | D37: single | E37: 1 | F37: =IF(AND(ISNA(VLOOKUP(D37,A:A,1,FALSE())),ISNA(VLOOKUP(D37,BaseType!A:A,1,FALSE())),D37<>"Struct"),"N","Y") -> Y
A38: LONP_ACCPLAN_BUS | B38: =IF(ISBLANK(A38),"",IF(AND(ISNA(VLOOKUP(A38,Interface_Platform!E:E,1,FALSE())),ISNA(VLOOKUP(A38,D:D,1,FALSE()))),"N","Y")) -> Y | D38: Struct | F38: =IF(AND(ISNA(VLOOKUP(D38,A:A,1,FALSE())),ISNA(VLOOKUP(D38,BaseType!A:A,1,FALSE())),D38<>"Struct"),"N","Y") -> Y | H38: 0 | I38: 0 | J38: 0 | K38: 0 | L38: 0 | M38: 0
B39: =IF(ISBLANK(A39),"",IF(AND(ISNA(VLOOKUP(A39,Interface_Platform!E:E,1,FALSE())),ISNA(VLOOKUP(A39,D:D,1,FALSE()))),"N","Y")) | C39: ACC_BrakePrefer | D39: boolean | E39: 1 | F39: =IF(AND(ISNA(VLOOKUP(D39,A:A,1,FALSE())),ISNA(VLOOKUP(D39,BaseType!A:A,1,FALSE())),D39<>"Struct"),"N","Y") -> Y | G39: 制动优先标志位： 0-无制动优先； 1-制动优先 | H39: 0 | I39: 0 | J39: 0 | K39: 0 | L39: 0 | M39: 0
B40: =IF(ISBLANK(A40),"",IF(AND(ISNA(VLOOKUP(A40,Interface_Platform!E:E,1,FALSE())),ISNA(VLOOKUP(A40,D:D,1,FALSE()))),"N","Y")) | C40: ACC_axvCvAim | D40: single | E40: 1 | F40: =IF(AND(ISNA(VLOOKUP(D40,A:A,1,FALSE())),ISNA(VLOOKUP(D40,BaseType!A:A,1,FALSE())),D40<>"Struct"),"N","Y") -> Y | G40: 纵向加速度请求值 | H40: 0 | I40: 0 | J40: 0 | K40: 0 | L40: 0 | M40: 0
B41: =IF(ISBLANK(A41),"",IF(AND(ISNA(VLOOKUP(A41,Interface_Platform!E:E,1,FALSE())),ISNA(VLOOKUP(A41,D:D,1,FALSE()))),"N","Y")) | C41: ACC_axv_ComfortBandLowerValue | D41: single | E41: 1 | F41: =IF(AND(ISNA(VLOOKUP(D41,A:A,1,FALSE())),ISNA(VLOOKUP(D41,BaseType!A:A,1,FALSE())),D41<>"Struct"),"N","Y") -> Y | G41: 纵向加速度上限 | H41: 0 | I41: 0 | J41: 0 | K41: 0 | L41: 0 | M41: 0
B42: =IF(ISBLANK(A42),"",IF(AND(ISNA(VLOOKUP(A42,Interface_Platform!E:E,1,FALSE())),ISNA(VLOOKUP(A42,D:D,1,FALSE()))),"N","Y")) | C42: ACC_axv_ComfortBandUpperValue | D42: single | E42: 1 | F42: =IF(AND(ISNA(VLOOKUP(D42,A:A,1,FALSE())),ISNA(VLOOKUP(D42,BaseType!A:A,1,FALSE())),D42<>"Struct"),"N","Y") -> Y | G42: 纵向加速度下限 | H42: 0 | I42: 0 | J42: 0 | K42: 0 | L42: 0 | M42: 0
B43: =IF(ISBLANK(A43),"",IF(AND(ISNA(VLOOKUP(A43,Interface_Platform!E:E,1,FALSE())),ISNA(VLOOKUP(A43,D:D,1,FALSE()))),"N","Y")) | C43: ACC_DecelerateJerk | D43: single | E43: 1 | F43: =IF(AND(ISNA(VLOOKUP(D43,A:A,1,FALSE())),ISNA(VLOOKUP(D43,BaseType!A:A,1,FALSE())),D43<>"Struct"),"N","Y") -> Y | G43: 减速jerk | H43: 0 | I43: 0 | J43: 0 | K43: 0 | L43: 0 | M43: 0
B44: =IF(ISBLANK(A44),"",IF(AND(ISNA(VLOOKUP(A44,Interface_Platform!E:E,1,FALSE())),ISNA(VLOOKUP(A44,D:D,1,FALSE()))),"N","Y")) | C44: ACC_AccelerateJerk | D44: single | E44: 1 | F44: =IF(AND(ISNA(VLOOKUP(D44,A:A,1,FALSE())),ISNA(VLOOKUP(D44,BaseType!A:A,1,FALSE())),D44<>"Struct"),"N","Y") -> Y | G44: 加速jerk | H44: 0 | I44: 0 | J44: 0 | K44: 0 | L44: 0 | M44: 0
C45: CurvSpdLim | D45: single | E45: 1 | F45: =IF(AND(ISNA(VLOOKUP(D45,A:A,1,FALSE())),ISNA(VLOOKUP(D45,BaseType!A:A,1,FALSE())),D45<>"Struct"),"N","Y") -> Y | G45: 车速限制值
A46: LONP_HMI_BUS | B46: =IF(ISBLANK(A46),"",IF(AND(ISNA(VLOOKUP(A46,Interface_Platform!E:E,1,FALSE())),ISNA(VLOOKUP(A46,D:D,1,FALSE()))),"N","Y")) -> Y | D46: Struct | F46: =IF(AND(ISNA(VLOOKUP(D46,A:A,1,FALSE())),ISNA(VLOOKUP(D46,BaseType!A:A,1,FALSE())),D46<>"Struct"),"N","Y") -> Y | H46: 0 | I46: 0 | J46: 0 | K46: 0 | L46: 0 | M46: 0
B47: =IF(ISBLANK(A47),"",IF(AND(ISNA(VLOOKUP(A47,Interface_Platform!E:E,1,FALSE())),ISNA(VLOOKUP(A47,D:D,1,FALSE()))),"N","Y")) | C47: TakeoverReq | D47: boolean | E47: 1 | F47: =IF(AND(ISNA(VLOOKUP(D47,A:A,1,FALSE())),ISNA(VLOOKUP(D47,BaseType!A:A,1,FALSE())),D47<>"Struct"),"N","Y") -> Y | H47: 0 | I47: 0 | J47: 0 | K47: 0 | L47: 0 | M47: 0
B48: =IF(ISBLANK(A48),"",IF(AND(ISNA(VLOOKUP(A48,Interface_Platform!E:E,1,FALSE())),ISNA(VLOOKUP(A48,D:D,1,FALSE()))),"N","Y")) | C48: IntelligentCurveActive | D48: boolean | E48: 1 | F48: =IF(AND(ISNA(VLOOKUP(D48,A:A,1,FALSE())),ISNA(VLOOKUP(D48,BaseType!A:A,1,FALSE())),D48<>"Struct"),"N","Y") -> Y | H48: 0 | I48: 0 | J48: 0 | K48: 0 | L48: 0 | M48: 0
B49: =IF(ISBLANK(A49),"",IF(AND(ISNA(VLOOKUP(A49,Interface_Platform!E:E,1,FALSE())),ISNA(VLOOKUP(A49,D:D,1,FALSE()))),"N","Y")) | C49: ACC_TgtObjBarDisp | D49: uint8 | E49: 1 | F49: =IF(AND(ISNA(VLOOKUP(D49,A:A,1,FALSE())),ISNA(VLOOKUP(D49,BaseType!A:A,1,FALSE())),D49<>"Struct"),"N","Y") -> Y | H49: 0 | I49: 0 | J49: 0 | K49: 0 | L49: 0 | M49: 0
B50: =IF(ISBLANK(A50),"",IF(AND(ISNA(VLOOKUP(A50,Interface_Platform!E:E,1,FALSE())),ISNA(VLOOKUP(A50,D:D,1,FALSE()))),"N","Y")) | C50: ACC_LeTgtObjBarDisp | D50: uint8 | E50: 1 | F50: =IF(AND(ISNA(VLOOKUP(D50,A:A,1,FALSE())),ISNA(VLOOKUP(D50,BaseType!A:A,1,FALSE())),D50<>"Struct"),"N","Y") -> Y | H50: 0 | I50: 0 | J50: 0 | K50: 0 | L50: 0 | M50: 0
B51: =IF(ISBLANK(A51),"",IF(AND(ISNA(VLOOKUP(A51,Interface_Platform!E:E,1,FALSE())),ISNA(VLOOKUP(A51,D:D,1,FALSE()))),"N","Y")) | C51: ACC_RiTgtObjBarDisp | D51: uint8 | E51: 1 | F51: =IF(AND(ISNA(VLOOKUP(D51,A:A,1,FALSE())),ISNA(VLOOKUP(D51,BaseType!A:A,1,FALSE())),D51<>"Struct"),"N","Y") -> Y | H51: 0 | I51: 0 | J51: 0 | K51: 0 | L51: 0 | M51: 0
C52: IDP0 | D52: uint8 | E52: 1 | F52: =IF(AND(ISNA(VLOOKUP(D52,A:A,1,FALSE())),ISNA(VLOOKUP(D52,BaseType!A:A,1,FALSE())),D52<>"Struct"),"N","Y") -> Y
C53: IDP1 | D53: uint8 | E53: 1 | F53: =IF(AND(ISNA(VLOOKUP(D53,A:A,1,FALSE())),ISNA(VLOOKUP(D53,BaseType!A:A,1,FALSE())),D53<>"Struct"),"N","Y") -> Y
C54: VehVelReqKap | D54: single | E54: 1 | F54: =IF(AND(ISNA(VLOOKUP(D54,A:A,1,FALSE())),ISNA(VLOOKUP(D54,BaseType!A:A,1,FALSE())),D54<>"Struct"),"N","Y") -> Y
C55: FollowTTC | D55: single | E55: 1 | F55: =IF(AND(ISNA(VLOOKUP(D55,A:A,1,FALSE())),ISNA(VLOOKUP(D55,BaseType!A:A,1,FALSE())),D55<>"Struct"),"N","Y") -> Y
C56: FollowNumMatrix | D56: single | E56: 1 | F56: =IF(AND(ISNA(VLOOKUP(D56,A:A,1,FALSE())),ISNA(VLOOKUP(D56,BaseType!A:A,1,FALSE())),D56<>"Struct"),"N","Y") -> Y
C57: FollowGapPX | D57: single | E57: 1 | F57: =IF(AND(ISNA(VLOOKUP(D57,A:A,1,FALSE())),ISNA(VLOOKUP(D57,BaseType!A:A,1,FALSE())),D57<>"Struct"),"N","Y") -> Y
C58: FollowTTCAccel | D58: single | E58: 1 | F58: =IF(AND(ISNA(VLOOKUP(D58,A:A,1,FALSE())),ISNA(VLOOKUP(D58,BaseType!A:A,1,FALSE())),D58<>"Struct"),"N","Y") -> Y
C59: TargetIDSwitch | D59: single | E59: 1 | F59: =IF(AND(ISNA(VLOOKUP(D59,A:A,1,FALSE())),ISNA(VLOOKUP(D59,BaseType!A:A,1,FALSE())),D59<>"Struct"),"N","Y") -> Y
C60: InsertSpceNumLetgo | D60: single | E60: 1 | F60: =IF(AND(ISNA(VLOOKUP(D60,A:A,1,FALSE())),ISNA(VLOOKUP(D60,BaseType!A:A,1,FALSE())),D60<>"Struct"),"N","Y") -> Y
C61: InsertSpceNum | D61: single | E61: 1 | F61: =IF(AND(ISNA(VLOOKUP(D61,A:A,1,FALSE())),ISNA(VLOOKUP(D61,BaseType!A:A,1,FALSE())),D61<>"Struct"),"N","Y") -> Y
C62: InsertSpceTEnd | D62: single | E62: 1 | F62: =IF(AND(ISNA(VLOOKUP(D62,A:A,1,FALSE())),ISNA(VLOOKUP(D62,BaseType!A:A,1,FALSE())),D62<>"Struct"),"N","Y") -> Y
C63: InsertSpceSEnd | D63: single | E63: 1 | F63: =IF(AND(ISNA(VLOOKUP(D63,A:A,1,FALSE())),ISNA(VLOOKUP(D63,BaseType!A:A,1,FALSE())),D63<>"Struct"),"N","Y") -> Y
C64: InsertSpceVEnd | D64: single | E64: 1 | F64: =IF(AND(ISNA(VLOOKUP(D64,A:A,1,FALSE())),ISNA(VLOOKUP(D64,BaseType!A:A,1,FALSE())),D64<>"Struct"),"N","Y") -> Y
A65: VMC_LGT_BUS | B65: =IF(ISBLANK(A65),"",IF(AND(ISNA(VLOOKUP(A65,Interface_Platform!E:E,1,FALSE())),ISNA(VLOOKUP(A65,D:D,1,FALSE()))),"N","Y")) -> Y | D65: Struct | F65: =IF(AND(ISNA(VLOOKUP(D65,A:A,1,FALSE())),ISNA(VLOOKUP(D65,BaseType!A:A,1,FALSE())),D65<>"Struct"),"N","Y") -> Y
B66: =IF(ISBLANK(A66),"",IF(AND(ISNA(VLOOKUP(A66,Interface_Platform!E:E,1,FALSE())),ISNA(VLOOKUP(A66,D:D,1,FALSE()))),"N","Y")) | C66: drv_off | D66: uint8 | E66: 1 | F66: =IF(AND(ISNA(VLOOKUP(D66,A:A,1,FALSE())),ISNA(VLOOKUP(D66,BaseType!A:A,1,FALSE())),D66<>"Struct"),"N","Y") -> Y | G66: 起步 0x00:false 0x01:true
B67: =IF(ISBLANK(A67),"",IF(AND(ISNA(VLOOKUP(A67,Interface_Platform!E:E,1,FALSE())),ISNA(VLOOKUP(A67,D:D,1,FALSE()))),"N","Y")) | C67: dec_to_stop | D67: uint8 | E67: 1 | F67: =IF(AND(ISNA(VLOOKUP(D67,A:A,1,FALSE())),ISNA(VLOOKUP(D67,BaseType!A:A,1,FALSE())),D67<>"Struct"),"N","Y") -> Y | G67: 刹停 0x00:false 0x01:true
B68: =IF(ISBLANK(A68),"",IF(AND(ISNA(VLOOKUP(A68,Interface_Platform!E:E,1,FALSE())),ISNA(VLOOKUP(A68,D:D,1,FALSE()))),"N","Y")) | C68: acc_mode | D68: uint8 | E68: 1 | F68: =IF(AND(ISNA(VLOOKUP(D68,A:A,1,FALSE())),ISNA(VLOOKUP(D68,BaseType!A:A,1,FALSE())),D68<>"Struct"),"N","Y") -> Y | G68: ACC状态： 0x00:OFF Mode 0x01:ACC_Reject 0x02:StandBy Mode 0x03:Active-Control Mode 0x04:Brake-Only Mode 0x05:Override 0X06:standbywait 0X07:ACC Failure mode 0x09:StandbyActive
B69: =IF(ISBLANK(A69),"",IF(AND(ISNA(VLOOKUP(A69,Interface_Platform!E:E,1,FALSE())),ISNA(VLOOKUP(A69,D:D,1,FALSE()))),"N","Y")) | C69: brk_perfer | D69: uint8 | E69: 1 | F69: =IF(AND(ISNA(VLOOKUP(D69,A:A,1,FALSE())),ISNA(VLOOKUP(D69,BaseType!A:A,1,FALSE())),D69<>"Struct"),"N","Y") -> Y | G69: 0x00:false 0x01:true
B70: =IF(ISBLANK(A70),"",IF(AND(ISNA(VLOOKUP(A70,Interface_Platform!E:E,1,FALSE())),ISNA(VLOOKUP(A70,D:D,1,FALSE()))),"N","Y")) | C70: max_jerk | D70: single | E70: 1 | F70: =IF(AND(ISNA(VLOOKUP(D70,A:A,1,FALSE())),ISNA(VLOOKUP(D70,BaseType!A:A,1,FALSE())),D70<>"Struct"),"N","Y") -> Y | G70: 最大Jerk
B71: =IF(ISBLANK(A71),"",IF(AND(ISNA(VLOOKUP(A71,Interface_Platform!E:E,1,FALSE())),ISNA(VLOOKUP(A71,D:D,1,FALSE()))),"N","Y")) | C71: min_jerk | D71: single | E71: 1 | F71: =IF(AND(ISNA(VLOOKUP(D71,A:A,1,FALSE())),ISNA(VLOOKUP(D71,BaseType!A:A,1,FALSE())),D71<>"Struct"),"N","Y") -> Y | G71: 最小Jerk
B72: =IF(ISBLANK(A72),"",IF(AND(ISNA(VLOOKUP(A72,Interface_Platform!E:E,1,FALSE())),ISNA(VLOOKUP(A72,D:D,1,FALSE()))),"N","Y")) | C72: comfort_low | D72: single | E72: 1 | F72: =IF(AND(ISNA(VLOOKUP(D72,A:A,1,FALSE())),ISNA(VLOOKUP(D72,BaseType!A:A,1,FALSE())),D72<>"Struct"),"N","Y") -> Y | G72: 舒适加速度下限
B73: =IF(ISBLANK(A73),"",IF(AND(ISNA(VLOOKUP(A73,Interface_Platform!E:E,1,FALSE())),ISNA(VLOOKUP(A73,D:D,1,FALSE()))),"N","Y")) | C73: comfort_up | D73: single | E73: 1 | F73: =IF(AND(ISNA(VLOOKUP(D73,A:A,1,FALSE())),ISNA(VLOOKUP(D73,BaseType!A:A,1,FALSE())),D73<>"Struct"),"N","Y") -> Y | G73: 舒适加速度上限
B74: =IF(ISBLANK(A74),"",IF(AND(ISNA(VLOOKUP(A74,Interface_Platform!E:E,1,FALSE())),ISNA(VLOOKUP(A74,D:D,1,FALSE()))),"N","Y")) | C74: tar_accel | D74: single | E74: 1 | F74: =IF(AND(ISNA(VLOOKUP(D74,A:A,1,FALSE())),ISNA(VLOOKUP(D74,BaseType!A:A,1,FALSE())),D74<>"Struct"),"N","Y") -> Y | G74: 目标加速度
C75: dc_ec_sts | D75: uint8 | E75: 1 | F75: =IF(AND(ISNA(VLOOKUP(D75,A:A,1,FALSE())),ISNA(VLOOKUP(D75,BaseType!A:A,1,FALSE())),D75<>"Struct"),"N","Y") -> Y | G75: 加速减速状态
C76: trq_req_active | D76: boolean | E76: 1 | F76: =IF(AND(ISNA(VLOOKUP(D76,A:A,1,FALSE())),ISNA(VLOOKUP(D76,BaseType!A:A,1,FALSE())),D76<>"Struct"),"N","Y") -> Y | G76: 加速度扭矩请求激活
C77: trq_req_value | D77: single | E77: 1 | F77: =IF(AND(ISNA(VLOOKUP(D77,A:A,1,FALSE())),ISNA(VLOOKUP(D77,BaseType!A:A,1,FALSE())),D77<>"Struct"),"N","Y") -> Y | G77: 加速度扭矩请求值
C78: decel_acc_req | D78: boolean | E78: 1 | F78: =IF(AND(ISNA(VLOOKUP(D78,A:A,1,FALSE())),ISNA(VLOOKUP(D78,BaseType!A:A,1,FALSE())),D78<>"Struct"),"N","Y") -> Y | G78: 减速度请求
C79: decel_acc_req_value | D79: single | E79: 1 | F79: =IF(AND(ISNA(VLOOKUP(D79,A:A,1,FALSE())),ISNA(VLOOKUP(D79,BaseType!A:A,1,FALSE())),D79<>"Struct"),"N","Y") -> Y | G79: 减速度请求值
A80: LAS_CONTROL_BUS | B80: =IF(ISBLANK(A80),"",IF(AND(ISNA(VLOOKUP(A80,Interface_Platform!E:E,1,FALSE())),ISNA(VLOOKUP(A80,D:D,1,FALSE()))),"N","Y")) -> Y | D80: Struct | E80: 1 | F80: =IF(AND(ISNA(VLOOKUP(D80,A:A,1,FALSE())),ISNA(VLOOKUP(D80,BaseType!A:A,1,FALSE())),D80<>"Struct"),"N","Y") -> Y | H80: 0 | I80: 0 | J80: 0 | K80: 0 | L80: 0 | M80: 0
B81: =IF(ISBLANK(A81),"",IF(AND(ISNA(VLOOKUP(A81,Interface_Platform!E:E,1,FALSE())),ISNA(VLOOKUP(A81,D:D,1,FALSE()))),"N","Y")) | C81: Valid | D81: boolean | E81: 1 | F81: =IF(AND(ISNA(VLOOKUP(D81,A:A,1,FALSE())),ISNA(VLOOKUP(D81,BaseType!A:A,1,FALSE())),D81<>"Struct"),"N","Y") -> Y | H81: 0 | I81: 0 | J81: 0 | K81: 0 | L81: 0 | M81: 0
B82: =IF(ISBLANK(A82),"",IF(AND(ISNA(VLOOKUP(A82,Interface_Platform!E:E,1,FALSE())),ISNA(VLOOKUP(A82,D:D,1,FALSE()))),"N","Y")) | C82: A0 | D82: single | E82: 1 | F82: =IF(AND(ISNA(VLOOKUP(D82,A:A,1,FALSE())),ISNA(VLOOKUP(D82,BaseType!A:A,1,FALSE())),D82<>"Struct"),"N","Y") -> Y | H82: 0 | I82: 0 | J82: 0 | K82: 0 | L82: 0 | M82: 0
B83: =IF(ISBLANK(A83),"",IF(AND(ISNA(VLOOKUP(A83,Interface_Platform!E:E,1,FALSE())),ISNA(VLOOKUP(A83,D:D,1,FALSE()))),"N","Y")) | C83: A1 | D83: single | E83: 1 | F83: =IF(AND(ISNA(VLOOKUP(D83,A:A,1,FALSE())),ISNA(VLOOKUP(D83,BaseType!A:A,1,FALSE())),D83<>"Struct"),"N","Y") -> Y | H83: 0 | I83: 0 | J83: 0 | K83: 0 | L83: 0 | M83: 0
B84: =IF(ISBLANK(A84),"",IF(AND(ISNA(VLOOKUP(A84,Interface_Platform!E:E,1,FALSE())),ISNA(VLOOKUP(A84,D:D,1,FALSE()))),"N","Y")) | C84: A2 | D84: single | E84: 1 | F84: =IF(AND(ISNA(VLOOKUP(D84,A:A,1,FALSE())),ISNA(VLOOKUP(D84,BaseType!A:A,1,FALSE())),D84<>"Struct"),"N","Y") -> Y | H84: 0 | I84: 0 | J84: 0 | K84: 0 | L84: 0 | M84: 0
B85: =IF(ISBLANK(A85),"",IF(AND(ISNA(VLOOKUP(A85,Interface_Platform!E:E,1,FALSE())),ISNA(VLOOKUP(A85,D:D,1,FALSE()))),"N","Y")) | C85: A3 | D85: single | E85: 1 | F85: =IF(AND(ISNA(VLOOKUP(D85,A:A,1,FALSE())),ISNA(VLOOKUP(D85,BaseType!A:A,1,FALSE())),D85<>"Struct"),"N","Y") -> Y | H85: 0 | I85: 0 | J85: 0 | K85: 0 | L85: 0 | M85: 0
B86: =IF(ISBLANK(A86),"",IF(AND(ISNA(VLOOKUP(A86,Interface_Platform!E:E,1,FALSE())),ISNA(VLOOKUP(A86,D:D,1,FALSE()))),"N","Y")) | C86: Range | D86: single | E86: 1 | F86: =IF(AND(ISNA(VLOOKUP(D86,A:A,1,FALSE())),ISNA(VLOOKUP(D86,BaseType!A:A,1,FALSE())),D86<>"Struct"),"N","Y") -> Y | H86: 0 | I86: 0 | J86: 0 | K86: 0 | L86: 0 | M86: 0
A87: LAS_HMI_BUS | B87: =IF(ISBLANK(A87),"",IF(AND(ISNA(VLOOKUP(A87,Interface_Platform!E:E,1,FALSE())),ISNA(VLOOKUP(A87,D:D,1,FALSE()))),"N","Y")) -> Y | D87: Struct | F87: =IF(AND(ISNA(VLOOKUP(D87,A:A,1,FALSE())),ISNA(VLOOKUP(D87,BaseType!A:A,1,FALSE())),D87<>"Struct"),"N","Y") -> Y | H87: 0 | I87: 0 | J87: 0 | K87: 0 | L87: 0 | M87: 0
B88: =IF(ISBLANK(A88),"",IF(AND(ISNA(VLOOKUP(A88,Interface_Platform!E:E,1,FALSE())),ISNA(VLOOKUP(A88,D:D,1,FALSE()))),"N","Y")) | C88: LKA_Warn | D88: uint8 | E88: 1 | F88: =IF(AND(ISNA(VLOOKUP(D88,A:A,1,FALSE())),ISNA(VLOOKUP(D88,BaseType!A:A,1,FALSE())),D88<>"Struct"),"N","Y") -> Y | G88: 0x0：nowarn 0x1：leftwarn 0x2：rightwarn | H88: 0 | I88: 0 | J88: 0 | K88: 0 | L88: 0 | M88: 0
B89: =IF(ISBLANK(A89),"",IF(AND(ISNA(VLOOKUP(A89,Interface_Platform!E:E,1,FALSE())),ISNA(VLOOKUP(A89,D:D,1,FALSE()))),"N","Y")) | C89: ELK_Warn | D89: uint8 | E89: 1 | F89: =IF(AND(ISNA(VLOOKUP(D89,A:A,1,FALSE())),ISNA(VLOOKUP(D89,BaseType!A:A,1,FALSE())),D89<>"Struct"),"N","Y") -> Y | G89: 0x0：nowarn 0x1：leftwarn 0x2：rightwarn | H89: 0 | I89: 0 | J89: 0 | K89: 0 | L89: 0 | M89: 0
B90: =IF(ISBLANK(A90),"",IF(AND(ISNA(VLOOKUP(A90,Interface_Platform!E:E,1,FALSE())),ISNA(VLOOKUP(A90,D:D,1,FALSE()))),"N","Y")) | C90: HandsOffWarnLevel | D90: uint8 | E90: 1 | F90: =IF(AND(ISNA(VLOOKUP(D90,A:A,1,FALSE())),ISNA(VLOOKUP(D90,BaseType!A:A,1,FALSE())),D90<>"Struct"),"N","Y") -> Y | H90: 0 | I90: 0 | J90: 0 | K90: 0 | L90: 0 | M90: 0
B91: =IF(ISBLANK(A91),"",IF(AND(ISNA(VLOOKUP(A91,Interface_Platform!E:E,1,FALSE())),ISNA(VLOOKUP(A91,D:D,1,FALSE()))),"N","Y")) | C91: FLWhelDy | D91: single | E91: 1 | F91: =IF(AND(ISNA(VLOOKUP(D91,A:A,1,FALSE())),ISNA(VLOOKUP(D91,BaseType!A:A,1,FALSE())),D91<>"Struct"),"N","Y") -> Y | G91: 车辆左边缘距离左线的距离 | H91: 0 | I91: 0 | J91: 0 | K91: 0 | L91: 0 | M91: 0
B92: =IF(ISBLANK(A92),"",IF(AND(ISNA(VLOOKUP(A92,Interface_Platform!E:E,1,FALSE())),ISNA(VLOOKUP(A92,D:D,1,FALSE()))),"N","Y")) | C92: FRWhelDy | D92: single | E92: 1 | F92: =IF(AND(ISNA(VLOOKUP(D92,A:A,1,FALSE())),ISNA(VLOOKUP(D92,BaseType!A:A,1,FALSE())),D92<>"Struct"),"N","Y") -> Y | G92: 车辆右边缘距离右线的距离 | H92: 0 | I92: 0 | J92: 0 | K92: 0 | L92: 0 | M92: 0
C93: LDP_Con_Idle2ReadyBit | D93: uint32 | E93: 1 | F93: =IF(AND(ISNA(VLOOKUP(D93,A:A,1,FALSE())),ISNA(VLOOKUP(D93,BaseType!A:A,1,FALSE())),D93<>"Struct"),"N","Y") -> Y | G93: 0位：车速 1位：YawRate 2位：驾驶员扭矩 3位：车道宽及车道线存在情况 4位：AEB 5位：道路曲率 6位：方向盘转速 7位：ESP 8位：EPS 9位：危险报警灯 10位：制动压力 11位：踏板变化率 12位：CURRENT_GEAR 13位：脱手检测； | H93: 0 | I93: 0 | J93: 0 | K93: 0 | L93: 0 | M93: 0
C94: LDP_Con_Ready2ActiveBit | D94: uint32 | E94: 1 | F94: =IF(AND(ISNA(VLOOKUP(D94,A:A,1,FALSE())),ISNA(VLOOKUP(D94,BaseType!A:A,1,FALSE())),D94<>"Struct"),"N","Y") -> Y | H94: 0 | I94: 0 | J94: 0 | K94: 0 | L94: 0 | M94: 0
C95: LDP_Con_Active2ReadyBit | D95: uint32 | E95: 1 | F95: =IF(AND(ISNA(VLOOKUP(D95,A:A,1,FALSE())),ISNA(VLOOKUP(D95,BaseType!A:A,1,FALSE())),D95<>"Struct"),"N","Y") -> Y | H95: 0 | I95: 0 | J95: 0 | K95: 0 | L95: 0 | M95: 0
C96: LDP_Con_Other2IdleBit | D96: uint32 | E96: 1 | F96: =IF(AND(ISNA(VLOOKUP(D96,A:A,1,FALSE())),ISNA(VLOOKUP(D96,BaseType!A:A,1,FALSE())),D96<>"Struct"),"N","Y") -> Y | G96: 0位：车速 1位：YawRate 2位：驾驶员手力据 3位：车道宽和车道线有无 4位：AEB 5位：车道曲率 6位：方向盘转速 7位：ESP 8位：eps故障 9位：危险报警灯 10位：制动压力 11位：加速踏板变化率 12位：换道 13位：转向灯 14位：ABS、TCS、VDC 15位：脱手检测； | H96: 0 | I96: 0 | J96: 0 | K96: 0 | L96: 0 | M96: 0
C97: LDW_Con_Idle2ReadyBit | D97: uint32 | E97: 1 | F97: =IF(AND(ISNA(VLOOKUP(D97,A:A,1,FALSE())),ISNA(VLOOKUP(D97,BaseType!A:A,1,FALSE())),D97<>"Struct"),"N","Y") -> Y | G97: 0位：方向盘转速 1位：制动压力 2位：加速踏板速率 3位：换道 4位：YawRate 5位：Headingangel 6位：道路曲率 7位：车道宽和车道线有无 8位：车速 9位：LDW_Error 10位：aeb是否激活 11位：危险报警灯 | H97: 0 | I97: 0 | J97: 0 | K97: 0 | L97: 0 | M97: 0
B98: =IF(ISBLANK(A98),"",IF(AND(ISNA(VLOOKUP(A98,Interface_Platform!E:E,1,FALSE())),ISNA(VLOOKUP(A98,D:D,1,FALSE()))),"N","Y")) | C98: LDW_Con_Ready2ActiveBit | D98: uint32 | E98: 1 | F98: =IF(AND(ISNA(VLOOKUP(D98,A:A,1,FALSE())),ISNA(VLOOKUP(D98,BaseType!A:A,1,FALSE())),D98<>"Struct"),"N","Y") -> Y | H98: 0 | I98: 0 | J98: 0 | K98: 0 | L98: 0 | M98: 0
B99: =IF(ISBLANK(A99),"",IF(AND(ISNA(VLOOKUP(A99,Interface_Platform!E:E,1,FALSE())),ISNA(VLOOKUP(A99,D:D,1,FALSE()))),"N","Y")) | C99: LDW_Con_Active2ReadyBit | D99: uint32 | E99: 1 | F99: =IF(AND(ISNA(VLOOKUP(D99,A:A,1,FALSE())),ISNA(VLOOKUP(D99,BaseType!A:A,1,FALSE())),D99<>"Struct"),"N","Y") -> Y | H99: 0 | I99: 0 | J99: 0 | K99: 0 | L99: 0 | M99: 0
B100: =IF(ISBLANK(A100),"",IF(AND(ISNA(VLOOKUP(A100,Interface_Platform!E:E,1,FALSE())),ISNA(VLOOKUP(A100,D:D,1,FALSE()))),"N","Y")) | C100: LDW_Con_Other2IdleBit | D100: uint32 | E100: 1 | F100: =IF(AND(ISNA(VLOOKUP(D100,A:A,1,FALSE())),ISNA(VLOOKUP(D100,BaseType!A:A,1,FALSE())),D100<>"Struct"),"N","Y") -> Y | G100: 0位：方向盘转速 1位：制动压力 2位：加速踏板速率 3位：换道 4位：YawRate 5位：Headingangel 6位：道路曲率 7位：车道宽和车道线有无 8位：车速 9位：LDW_Error 10位：aeb是否激活 11位：危险报警灯 12位：AbsTcsVdc | H100: 0 | I100: 0 | J100: 0 | K100: 0 | L100: 0 | M100: 0
...

Sheet Interface_T1GC
A1: SWCName | B1: I/O | C1: PortType | D1: PortName/Operation | E1: Rte_Type/Return_Type | F1: RteTypeExist | G1: Description | H1: DataAccessMode | I1: IsQueued | J1: QueueLength | K1: InterfaceType | L1: IsService | M1: IsUpdated | N1: SignalType_Simple_Array_Record_ | O1: RecordTypedefName
A2: autosar_swc_val | B2: Outport | C2: S/R | D2: SysOut_ADASDisplayExtend | E2: SomeIP_ADASDisplayExtend_BUS | F2: =IF(AND(ISNA(VLOOKUP(E2,DataType_T1GC!A:A,1,FALSE())),ISNA(VLOOKUP(E2,BaseType!A:A,1,FALSE()))),"N","Y") -> Y | H2: Explict | I2: N | M2: N
A3: autosar_swc_val | B3: Outport | C3: S/R | D3: SysOut_ParkingGenaralInfo | E3: SomeIP_ParkingGenaralInfo_BUS | F3: =IF(AND(ISNA(VLOOKUP(E3,DataType_T1GC!A:A,1,FALSE())),ISNA(VLOOKUP(E3,BaseType!A:A,1,FALSE()))),"N","Y") -> Y | H3: Explict | I3: N | M3: N
A4: autosar_swc_val | B4: Outport | C4: S/R | D4: SysOut_FuncState_HD | E4: SomeIP_FuncState_HD_BUS | F4: =IF(AND(ISNA(VLOOKUP(E4,DataType_T1GC!A:A,1,FALSE())),ISNA(VLOOKUP(E4,BaseType!A:A,1,FALSE()))),"N","Y") -> Y | H4: Explict | I4: N | M4: N
A5: autosar_swc_val | B5: Inport | C5: S/R | D5: PR_APA_DA_IDCU_11_Tx | E5: APA_DA_IDCU_11_Tx_BUS | F5: =IF(AND(ISNA(VLOOKUP(E5,DataType_T1GC!A:A,1,FALSE())),ISNA(VLOOKUP(E5,BaseType!A:A,1,FALSE()))),"N","Y") -> Y | H5: Explict | I5: N | M5: N
A6: autosar_swc_val | B6: Inport | C6: S/R | D6: PR_APA_DA_IDCU_13_Tx | E6: APA_DA_IDCU_13_Tx_BUS | F6: =IF(AND(ISNA(VLOOKUP(E6,DataType_T1GC!A:A,1,FALSE())),ISNA(VLOOKUP(E6,BaseType!A:A,1,FALSE()))),"N","Y") -> Y | H6: Explict | I6: N | M6: N
A7: autosar_swc_val | B7: Inport | C7: S/R | D7: PR_APA_DA_IDCU_9_Tx | E7: APA_DA_IDCU_9_Tx_BUS | F7: =IF(AND(ISNA(VLOOKUP(E7,DataType_T1GC!A:A,1,FALSE())),ISNA(VLOOKUP(E7,BaseType!A:A,1,FALSE()))),"N","Y") -> Y | H7: Explict | I7: N | M7: N
A8: autosar_swc_val | B8: Inport | C8: S/R | D8: PR_APA_DA_FCM_FRM_1_Tx | E8: APA_DA_FCM_FRM_1_Tx_BUS | F8: =IF(AND(ISNA(VLOOKUP(E8,DataType_T1GC!A:A,1,FALSE())),ISNA(VLOOKUP(E8,BaseType!A:A,1,FALSE()))),"N","Y") -> Y | H8: Explict | I8: N | M8: N
A9: autosar_swc_val | B9: Inport | C9: S/R | D9: PR_APA_DA_FCM_FRM_2_Tx | E9: APA_DA_FCM_FRM_2_Tx_BUS | F9: =IF(AND(ISNA(VLOOKUP(E9,DataType_T1GC!A:A,1,FALSE())),ISNA(VLOOKUP(E9,BaseType!A:A,1,FALSE()))),"N","Y") -> Y | H9: Explict | I9: N | M9: N
A10: autosar_swc_val | B10: Inport | C10: S/R | D10: PR_APA_DA_FCM_FRM_6_Tx | E10: APA_DA_FCM_FRM_6_Tx_BUS | F10: =IF(AND(ISNA(VLOOKUP(E10,DataType_T1GC!A:A,1,FALSE())),ISNA(VLOOKUP(E10,BaseType!A:A,1,FALSE()))),"N","Y") -> Y | H10: Explict | I10: N | M10: N
A11: autosar_swc_val | B11: Inport | C11: S/R | D11: PR_APA_DA_RLCR_2_Tx | E11: APA_DA_RLCR_2_Tx_BUS | F11: =IF(AND(ISNA(VLOOKUP(E11,DataType_T1GC!A:A,1,FALSE())),ISNA(VLOOKUP(E11,BaseType!A:A,1,FALSE()))),"N","Y") -> Y | H11: Explict | I11: N | M11: N
A12: autosar_swc_val | B12: Inport | C12: S/R | D12: PR_APA_DA_AVM_APA_2_Tx | E12: APA_DA_AVM_APA_2_Tx_BUS | F12: =IF(AND(ISNA(VLOOKUP(E12,DataType_T1GC!A:A,1,FALSE())),ISNA(VLOOKUP(E12,BaseType!A:A,1,FALSE()))),"N","Y") -> Y | H12: Explict | I12: N | M12: N
A13: autosar_swc_val | B13: Inport | C13: S/R | D13: CORNER_RADAR_FL | E13: Corner_Radar_Array_Info | F13: =IF(AND(ISNA(VLOOKUP(E13,DataType_T1GC!A:A,1,FALSE())),ISNA(VLOOKUP(E13,BaseType!A:A,1,FALSE()))),"N","Y") -> Y | H13: Explict | I13: N | M13: N
... A20: autosar_swc_fusion | B20: Inport | C20: S/R | D20: CORNER_RADAR_RR | E20: Corner_Radar_Array_Info | F20: =IF(AND(ISNA(VLOOKUP(E20,DataType_T1GC!A:A,1,FALSE())),ISNA(VLOOKUP(E20,BaseType!A:A,1,FALSE()))),"N","Y") -> Y | H20: Explict | I20: N | M20: Y

Sheet DataType_T1GC
A1: Data Type Name | B1: IsUsed | C1: Member(valid if Data Type is Struct or Enum) | D1: DataType/EnumValue | E1: Dimensions | F1: Data Type Exist | G1: Description | H1: Size(bits) | I1: Min | J1: Max | K1: Factor | L1: Offset | M1: Unit
A2: SomeIP_ADASDisplayExtend_BUS | B2: =IF(ISBLANK(A2),"",IF(AND(ISNA(VLOOKUP(A2,Interface_T1GC!E:E,1,FALSE())),ISNA(VLOOKUP(A2,D:D,1,FALSE()))),"N","Y")) -> Y | D2: Struct | F2: =IF(AND(ISNA(VLOOKUP(D2,A:A,1,FALSE())),ISNA(VLOOKUP(D2,BaseType!A:A,1,FALSE())),D2<>"Struct"),"N","Y") -> Y
B3: =IF(ISBLANK(A3),"",IF(AND(ISNA(VLOOKUP(A3,Interface_T1GC!E:E,1,FALSE())),ISNA(VLOOKUP(A3,D:D,1,FALSE()))),"N","Y")) | C3: DynamicObjectList_ICM | D3: SomeIP_DynamicObjectList_BUS | E3: 1 | F3: =IF(AND(ISNA(VLOOKUP(D3,A:A,1,FALSE())),ISNA(VLOOKUP(D3,BaseType!A:A,1,FALSE())),D3<>"Struct"),"N","Y") -> Y | G3: 传输动态障碍物数据包
B4: =IF(ISBLANK(A4),"",IF(AND(ISNA(VLOOKUP(A4,Interface_T1GC!E:E,1,FALSE())),ISNA(VLOOKUP(A4,D:D,1,FALSE()))),"N","Y")) | C4: StaticObjectList_ICM | D4: SomeIP_StaticObjectList_BUS | E4: 1 | F4: =IF(AND(ISNA(VLOOKUP(D4,A:A,1,FALSE())),ISNA(VLOOKUP(D4,BaseType!A:A,1,FALSE())),D4<>"Struct"),"N","Y") -> Y | G4: 传输静态障碍物数据包
B5: =IF(ISBLANK(A5),"",IF(AND(ISNA(VLOOKUP(A5,Interface_T1GC!E:E,1,FALSE())),ISNA(VLOOKUP(A5,D:D,1,FALSE()))),"N","Y")) | C5: LaneLineList_ICM | D5: SomeIP_LaneLineList_BUS | E5: 1 | F5: =IF(AND(ISNA(VLOOKUP(D5,A:A,1,FALSE())),ISNA(VLOOKUP(D5,BaseType!A:A,1,FALSE())),D5<>"Struct"),"N","Y") -> Y | G5: 传输车道线数据包
B6: =IF(ISBLANK(A6),"",IF(AND(ISNA(VLOOKUP(A6,Interface_T1GC!E:E,1,FALSE())),ISNA(VLOOKUP(A6,D:D,1,FALSE()))),"N","Y")) | C6: PlanningPath_ICM | D6: SomeIP_PlanningPath_BUS | E6: 1 | F6: =IF(AND(ISNA(VLOOKUP(D6,A:A,1,FALSE())),ISNA(VLOOKUP(D6,BaseType!A:A,1,FALSE())),D6<>"Struct"),"N","Y") -> Y | G6: 传输规划轨迹数据包
B7: =IF(ISBLANK(A7),"",IF(AND(ISNA(VLOOKUP(A7,Interface_T1GC!E:E,1,FALSE())),ISNA(VLOOKUP(A7,D:D,1,FALSE()))),"N","Y")) | C7: Othersymbol_ICM | D7: SomeIP_Othersymbol_BUS | E7: 1 | F7: =IF(AND(ISNA(VLOOKUP(D7,A:A,1,FALSE())),ISNA(VLOOKUP(D7,BaseType!A:A,1,FALSE())),D7<>"Struct"),"N","Y") -> Y | G7: 传输其他符号信息
A8: SomeIP_DynamicObjectList_BUS | B8: =IF(ISBLANK(A8),"",IF(AND(ISNA(VLOOKUP(A8,Interface_T1GC!E:E,1,FALSE())),ISNA(VLOOKUP(A8,D:D,1,FALSE()))),"N","Y")) -> Y | D8: Struct | F8: =IF(AND(ISNA(VLOOKUP(D8,A:A,1,FALSE())),ISNA(VLOOKUP(D8,BaseType!A:A,1,FALSE())),D8<>"Struct"),"N","Y") -> Y
B9: =IF(ISBLANK(A9),"",IF(AND(ISNA(VLOOKUP(A9,Interface_T1GC!E:E,1,FALSE())),ISNA(VLOOKUP(A9,D:D,1,FALSE()))),"N","Y")) | C9: timestamp | D9: uint64 | E9: 1 | F9: =IF(AND(ISNA(VLOOKUP(D9,A:A,1,FALSE())),ISNA(VLOOKUP(D9,BaseType!A:A,1,FALSE())),D9<>"Struct"),"N","Y") -> Y | G9: 时间戳ms
B10: =IF(ISBLANK(A10),"",IF(AND(ISNA(VLOOKUP(A10,Interface_T1GC!E:E,1,FALSE())),ISNA(VLOOKUP(A10,D:D,1,FALSE()))),"N","Y")) | C10: ObjectCnt | D10: int32 | E10: 1 | F10: =IF(AND(ISNA(VLOOKUP(D10,A:A,1,FALSE())),ISNA(VLOOKUP(D10,BaseType!A:A,1,FALSE())),D10<>"Struct"),"N","Y") -> Y | G10: 障碍物个数
B11: =IF(ISBLANK(A11),"",IF(AND(ISNA(VLOOKUP(A11,Interface_T1GC!E:E,1,FALSE())),ISNA(VLOOKUP(A11,D:D,1,FALSE()))),"N","Y")) | C11: ObjectInfoList | D11: SomeIP_DynamicObjectInfo_BUS | E11: 9 | F11: =IF(AND(ISNA(VLOOKUP(D11,A:A,1,FALSE())),ISNA(VLOOKUP(D11,BaseType!A:A,1,FALSE())),D11<>"Struct"),"N","Y") -> Y | G11: 障碍物信息列表
A12: SomeIP_DynamicObjectInfo_BUS | B12: =IF(ISBLANK(A12),"",IF(AND(ISNA(VLOOKUP(A12,Interface_T1GC!E:E,1,FALSE())),ISNA(VLOOKUP(A12,D:D,1,FALSE()))),"N","Y")) -> Y | D12: Struct | F12: =IF(AND(ISNA(VLOOKUP(D12,A:A,1,FALSE())),ISNA(VLOOKUP(D12,BaseType!A:A,1,FALSE())),D12<>"Struct"),"N","Y") -> Y
B13: =IF(ISBLANK(A13),"",IF(AND(ISNA(VLOOKUP(A13,Interface_T1GC!E:E,1,FALSE())),ISNA(VLOOKUP(A13,D:D,1,FALSE()))),"N","Y")) | C13: ObjectID | D13: uint8 | E13: 1 | F13: =IF(AND(ISNA(VLOOKUP(D13,A:A,1,FALSE())),ISNA(VLOOKUP(D13,BaseType!A:A,1,FALSE())),D13<>"Struct"),"N","Y") -> Y | G13: 目标id
B14: =IF(ISBLANK(A14),"",IF(AND(ISNA(VLOOKUP(A14,Interface_T1GC!E:E,1,FALSE())),ISNA(VLOOKUP(A14,D:D,1,FALSE()))),"N","Y")) | C14: objectType | D14: uint8 | E14: 1 | F14: =IF(AND(ISNA(VLOOKUP(D14,A:A,1,FALSE())),ISNA(VLOOKUP(D14,BaseType!A:A,1,FALSE())),D14<>"Struct"),"N","Y") -> Y | G14: 目标类型 0x0: No type 0x1: Car 0x2: Truck 0x3: Motorcycle 0x4: Pedestrian 0x5: Cyclist 0x6: Bus 0x7:tricyle 0x8:SUV
B15: =IF(ISBLANK(A15),"",IF(AND(ISNA(VLOOKUP(A15,Interface_T1GC!E:E,1,FALSE())),ISNA(VLOOKUP(A15,D:D,1,FALSE()))),"N","Y")) | C15: movingStatus | D15: uint8 | E15: 1 | F15: =IF(AND(ISNA(VLOOKUP(D15,A:A,1,FALSE())),ISNA(VLOOKUP(D15,BaseType!A:A,1,FALSE())),D15<>"Struct"),"N","Y") -> Y | G15: 目标运动状态 0x0:unknown 0x1:moving 0x2:standstill
B16: =IF(ISBLANK(A16),"",IF(AND(ISNA(VLOOKUP(A16,Interface_T1GC!E:E,1,FALSE())),ISNA(VLOOKUP(A16,D:D,1,FALSE()))),"N","Y")) | C16: lightStatus | D16: uint8 | E16: 1 | F16: =IF(AND(ISNA(VLOOKUP(D16,A:A,1,FALSE())),ISNA(VLOOKUP(D16,BaseType!A:A,1,FALSE())),D16<>"Struct"),"N","Y") -> Y | G16: 目标灯光状态 0x0:None 0x1:Turnleft 0x2:Turnright 0x3:DoubleFlash 0x4:Brake 0x5: Reverse
B17: =IF(ISBLANK(A17),"",IF(AND(ISNA(VLOOKUP(A17,Interface_T1GC!E:E,1,FALSE())),ISNA(VLOOKUP(A17,D:D,1,FALSE()))),"N","Y")) | C17: objectPoseX | D17: single | E17: 1 | F17: =IF(AND(ISNA(VLOOKUP(D17,A:A,1,FALSE())),ISNA(VLOOKUP(D17,BaseType!A:A,1,FALSE())),D17<>"Struct"),"N","Y") -> Y | G17: 目标位置X坐标，单位cm
B18: =IF(ISBLANK(A18),"",IF(AND(ISNA(VLOOKUP(A18,Interface_T1GC!E:E,1,FALSE())),ISNA(VLOOKUP(A18,D:D,1,FALSE()))),"N","Y")) | C18: objectPoseY | D18: single | E18: 1 | F18: =IF(AND(ISNA(VLOOKUP(D18,A:A,1,FALSE())),ISNA(VLOOKUP(D18,BaseType!A:A,1,FALSE())),D18<>"Struct"),"N","Y") -> Y | G18: 目标位置Y坐标，单位cm
B19: =IF(ISBLANK(A19),"",IF(AND(ISNA(VLOOKUP(A19,Interface_T1GC!E:E,1,FALSE())),ISNA(VLOOKUP(A19,D:D,1,FALSE()))),"N","Y")) | C19: objectYaw | D19: single | E19: 1 | F19: =IF(AND(ISNA(VLOOKUP(D19,A:A,1,FALSE())),ISNA(VLOOKUP(D19,BaseType!A:A,1,FALSE())),D19<>"Struct"),"N","Y") -> Y | G19: 目标Yaw角，单位deg
B20: =IF(ISBLANK(A20),"",IF(AND(ISNA(VLOOKUP(A20,Interface_T1GC!E:E,1,FALSE())),ISNA(VLOOKUP(A20,D:D,1,FALSE()))),"N","Y")) | C20: objectPitch | D20: single | E20: 1 | F20: =IF(AND(ISNA(VLOOKUP(D20,A:A,1,FALSE())),ISNA(VLOOKUP(D20,BaseType!A:A,1,FALSE())),D20<>"Struct"),"N","Y") -> Y | G20: 目标Picth角，单位deg
B21: =IF(ISBLANK(A21),"",IF(AND(ISNA(VLOOKUP(A21,Interface_T1GC!E:E,1,FALSE())),ISNA(VLOOKUP(A21,D:D,1,FALSE()))),"N","Y")) | C21: objectRoll | D21: single | E21: 1 | F21: =IF(AND(ISNA(VLOOKUP(D21,A:A,1,FALSE())),ISNA(VLOOKUP(D21,BaseType!A:A,1,FALSE())),D21<>"Struct"),"N","Y") -> Y | G21: 目标Roll角，单位deg
B22: =IF(ISBLANK(A22),"",IF(AND(ISNA(VLOOKUP(A22,Interface_T1GC!E:E,1,FALSE())),ISNA(VLOOKUP(A22,D:D,1,FALSE()))),"N","Y")) | C22: objectLength | D22: uint16 | E22: 1 | F22: =IF(AND(ISNA(VLOOKUP(D22,A:A,1,FALSE())),ISNA(VLOOKUP(D22,BaseType!A:A,1,FALSE())),D22<>"Struct"),"N","Y") -> Y | G22: 目标长度，单位cm
B23: =IF(ISBLANK(A23),"",IF(AND(ISNA(VLOOKUP(A23,Interface_T1GC!E:E,1,FALSE())),ISNA(VLOOKUP(A23,D:D,1,FALSE()))),"N","Y")) | C23: objecWidth | D23: uint16 | E23: 1 | F23: =IF(AND(ISNA(VLOOKUP(D23,A:A,1,FALSE())),ISNA(VLOOKUP(D23,BaseType!A:A,1,FALSE())),D23<>"Struct"),"N","Y") -> Y | G23: 目标宽度，单位cm
B24: =IF(ISBLANK(A24),"",IF(AND(ISNA(VLOOKUP(A24,Interface_T1GC!E:E,1,FALSE())),ISNA(VLOOKUP(A24,D:D,1,FALSE()))),"N","Y")) | C24: objectHeight | D24: uint16 | E24: 1 | F24: =IF(AND(ISNA(VLOOKUP(D24,A:A,1,FALSE())),ISNA(VLOOKUP(D24,BaseType!A:A,1,FALSE())),D24<>"Struct"),"N","Y") -> Y | G24: 目标高度，单位cm
B25: =IF(ISBLANK(A25),"",IF(AND(ISNA(VLOOKUP(A25,Interface_T1GC!E:E,1,FALSE())),ISNA(VLOOKUP(A25,D:D,1,FALSE()))),"N","Y")) | C25: objectColor | D25: uint8 | E25: 1 | F25: =IF(AND(ISNA(VLOOKUP(D25,A:A,1,FALSE())),ISNA(VLOOKUP(D25,BaseType!A:A,1,FALSE())),D25<>"Struct"),"N","Y") -> Y | G25: 高亮显示 0x0: None 0x1: Grey 0x2: Blue 0x3: Yellow 0x4: Red
A26: SomeIP_StaticObjectList_BUS | B26: =IF(ISBLANK(A26),"",IF(AND(ISNA(VLOOKUP(A26,Interface_T1GC!E:E,1,FALSE())),ISNA(VLOOKUP(A26,D:D,1,FALSE()))),"N","Y")) -> Y | D26: Struct | F26: =IF(AND(ISNA(VLOOKUP(D26,A:A,1,FALSE())),ISNA(VLOOKUP(D26,BaseType!A:A,1,FALSE())),D26<>"Struct"),"N","Y") -> Y
B27: =IF(ISBLANK(A27),"",IF(AND(ISNA(VLOOKUP(A27,Interface_T1GC!E:E,1,FALSE())),ISNA(VLOOKUP(A27,D:D,1,FALSE()))),"N","Y")) | C27: timestamp | D27: uint64 | E27: 1 | F27: =IF(AND(ISNA(VLOOKUP(D27,A:A,1,FALSE())),ISNA(VLOOKUP(D27,BaseType!A:A,1,FALSE())),D27<>"Struct"),"N","Y") -> Y | G27: 时间戳ms
B28: =IF(ISBLANK(A28),"",IF(AND(ISNA(VLOOKUP(A28,Interface_T1GC!E:E,1,FALSE())),ISNA(VLOOKUP(A28,D:D,1,FALSE()))),"N","Y")) | C28: ObjectCnt | D28: int32 | E28: 1 | F28: =IF(AND(ISNA(VLOOKUP(D28,A:A,1,FALSE())),ISNA(VLOOKUP(D28,BaseType!A:A,1,FALSE())),D28<>"Struct"),"N","Y") -> Y | G28: 障碍物个数
B29: =IF(ISBLANK(A29),"",IF(AND(ISNA(VLOOKUP(A29,Interface_T1GC!E:E,1,FALSE())),ISNA(VLOOKUP(A29,D:D,1,FALSE()))),"N","Y")) | C29: ObjectInfoList | D29: SomeIP_StaticObjectInfo_BUS | E29: 9 | F29: =IF(AND(ISNA(VLOOKUP(D29,A:A,1,FALSE())),ISNA(VLOOKUP(D29,BaseType!A:A,1,FALSE())),D29<>"Struct"),"N","Y") -> Y | G29: 障碍物信息列表
A30: SomeIP_StaticObjectInfo_BUS | B30: =IF(ISBLANK(A30),"",IF(AND(ISNA(VLOOKUP(A30,Interface_T1GC!E:E,1,FALSE())),ISNA(VLOOKUP(A30,D:D,1,FALSE()))),"N","Y")) -> Y | D30: Struct | F30: =IF(AND(ISNA(VLOOKUP(D30,A:A,1,FALSE())),ISNA(VLOOKUP(D30,BaseType!A:A,1,FALSE())),D30<>"Struct"),"N","Y") -> Y
B31: =IF(ISBLANK(A31),"",IF(AND(ISNA(VLOOKUP(A31,Interface_T1GC!E:E,1,FALSE())),ISNA(VLOOKUP(A31,D:D,1,FALSE()))),"N","Y")) | C31: ObjectID | D31: uint8 | E31: 1 | F31: =IF(AND(ISNA(VLOOKUP(D31,A:A,1,FALSE())),ISNA(VLOOKUP(D31,BaseType!A:A,1,FALSE())),D31<>"Struct"),"N","Y") -> Y | G31: 目标id
B32: =IF(ISBLANK(A32),"",IF(AND(ISNA(VLOOKUP(A32,Interface_T1GC!E:E,1,FALSE())),ISNA(VLOOKUP(A32,D:D,1,FALSE()))),"N","Y")) | C32: objectType | D32: uint8 | E32: 1 | F32: =IF(AND(ISNA(VLOOKUP(D32,A:A,1,FALSE())),ISNA(VLOOKUP(D32,BaseType!A:A,1,FALSE())),D32<>"Struct"),"N","Y") -> Y | G32: 目标类型 0x0: No type 0x1:traffic_cone 0x2:water-barrier 0x3:tripod 0x4:trafficbollard/isolationbollard 0x5:crashBarrel
B33: =IF(ISBLANK(A33),"",IF(AND(ISNA(VLOOKUP(A33,Interface_T1GC!E:E,1,FALSE())),ISNA(VLOOKUP(A33,D:D,1,FALSE()))),"N","Y")) | C33: objectPoseX | D33: single | E33: 1 | F33: =IF(AND(ISNA(VLOOKUP(D33,A:A,1,FALSE())),ISNA(VLOOKUP(D33,BaseType!A:A,1,FALSE())),D33<>"Struct"),"N","Y") -> Y | G33: 目标位置X坐标
B34: =IF(ISBLANK(A34),"",IF(AND(ISNA(VLOOKUP(A34,Interface_T1GC!E:E,1,FALSE())),ISNA(VLOOKUP(A34,D:D,1,FALSE()))),"N","Y")) | C34: objectPoseY | D34: single | E34: 1 | F34: =IF(AND(ISNA(VLOOKUP(D34,A:A,1,FALSE())),ISNA(VLOOKUP(D34,BaseType!A:A,1,FALSE())),D34<>"Struct"),"N","Y") -> Y | G34: 目标位置Y坐标
B35: =IF(ISBLANK(A35),"",IF(AND(ISNA(VLOOKUP(A35,Interface_T1GC!E:E,1,FALSE())),ISNA(VLOOKUP(A35,D:D,1,FALSE()))),"N","Y")) | C35: objectYaw | D35: single | E35: 1 | F35: =IF(AND(ISNA(VLOOKUP(D35,A:A,1,FALSE())),ISNA(VLOOKUP(D35,BaseType!A:A,1,FALSE())),D35<>"Struct"),"N","Y") -> Y | G35: 目标Yaw角，单位deg
B36: =IF(ISBLANK(A36),"",IF(AND(ISNA(VLOOKUP(A36,Interface_T1GC!E:E,1,FALSE())),ISNA(VLOOKUP(A36,D:D,1,FALSE()))),"N","Y")) | C36: objectLength | D36: uint16 | E36: 1 | F36: =IF(AND(ISNA(VLOOKUP(D36,A:A,1,FALSE())),ISNA(VLOOKUP(D36,BaseType!A:A,1,FALSE())),D36<>"Struct"),"N","Y") -> Y | G36: 目标长度，单位cm
B37: =IF(ISBLANK(A37),"",IF(AND(ISNA(VLOOKUP(A37,Interface_T1GC!E:E,1,FALSE())),ISNA(VLOOKUP(A37,D:D,1,FALSE()))),"N","Y")) | C37: objecWidth | D37: uint16 | E37: 1 | F37: =IF(AND(ISNA(VLOOKUP(D37,A:A,1,FALSE())),ISNA(VLOOKUP(D37,BaseType!A:A,1,FALSE())),D37<>"Struct"),"N","Y") -> Y | G37: 目标宽度，单位cm
B38: =IF(ISBLANK(A38),"",IF(AND(ISNA(VLOOKUP(A38,Interface_T1GC!E:E,1,FALSE())),ISNA(VLOOKUP(A38,D:D,1,FALSE()))),"N","Y")) | C38: objectHeight | D38: uint16 | E38: 1 | F38: =IF(AND(ISNA(VLOOKUP(D38,A:A,1,FALSE())),ISNA(VLOOKUP(D38,BaseType!A:A,1,FALSE())),D38<>"Struct"),"N","Y") -> Y | G38: 目标高度，单位cm
A39: SomeIP_LaneLineList_BUS | B39: =IF(ISBLANK(A39),"",IF(AND(ISNA(VLOOKUP(A39,Interface_T1GC!E:E,1,FALSE())),ISNA(VLOOKUP(A39,D:D,1,FALSE()))),"N","Y")) -> Y | D39: Struct | F39: =IF(AND(ISNA(VLOOKUP(D39,A:A,1,FALSE())),ISNA(VLOOKUP(D39,BaseType!A:A,1,FALSE())),D39<>"Struct"),"N","Y") -> Y
B40: =IF(ISBLANK(A40),"",IF(AND(ISNA(VLOOKUP(A40,Interface_T1GC!E:E,1,FALSE())),ISNA(VLOOKUP(A40,D:D,1,FALSE()))),"N","Y")) | C40: timestamp | D40: uint64 | E40: 1 | F40: =IF(AND(ISNA(VLOOKUP(D40,A:A,1,FALSE())),ISNA(VLOOKUP(D40,BaseType!A:A,1,FALSE())),D40<>"Struct"),"N","Y") -> Y | G40: 时间戳ms
B41: =IF(ISBLANK(A41),"",IF(AND(ISNA(VLOOKUP(A41,Interface_T1GC!E:E,1,FALSE())),ISNA(VLOOKUP(A41,D:D,1,FALSE()))),"N","Y")) | C41: LanelinCnt | D41: uint8 | E41: 1 | F41: =IF(AND(ISNA(VLOOKUP(D41,A:A,1,FALSE())),ISNA(VLOOKUP(D41,BaseType!A:A,1,FALSE())),D41<>"Struct"),"N","Y") -> Y | G41: 车道线条数
B42: =IF(ISBLANK(A42),"",IF(AND(ISNA(VLOOKUP(A42,Interface_T1GC!E:E,1,FALSE())),ISNA(VLOOKUP(A42,D:D,1,FALSE()))),"N","Y")) | C42: LanelineInfo | D42: SomeIP_LanelineInfo_BUS | E42: 8 | F42: =IF(AND(ISNA(VLOOKUP(D42,A:A,1,FALSE())),ISNA(VLOOKUP(D42,BaseType!A:A,1,FALSE())),D42<>"Struct"),"N","Y") -> Y | G42: 车道线信息列表
A43: SomeIP_LanelineInfo_BUS | B43: =IF(ISBLANK(A43),"",IF(AND(ISNA(VLOOKUP(A43,Interface_T1GC!E:E,1,FALSE())),ISNA(VLOOKUP(A43,D:D,1,FALSE()))),"N","Y")) -> Y | D43: Struct | F43: =IF(AND(ISNA(VLOOKUP(D43,A:A,1,FALSE())),ISNA(VLOOKUP(D43,BaseType!A:A,1,FALSE())),D43<>"Struct"),"N","Y") -> Y
B44: =IF(ISBLANK(A44),"",IF(AND(ISNA(VLOOKUP(A44,Interface_T1GC!E:E,1,FALSE())),ISNA(VLOOKUP(A44,D:D,1,FALSE()))),"N","Y")) | C44: PostionParameterC0 | D44: single | E44: 1 | F44: =IF(AND(ISNA(VLOOKUP(D44,A:A,1,FALSE())),ISNA(VLOOKUP(D44,BaseType!A:A,1,FALSE())),D44<>"Struct"),"N","Y") -> Y | G44: 车道线方程式参数C0
B45: =IF(ISBLANK(A45),"",IF(AND(ISNA(VLOOKUP(A45,Interface_T1GC!E:E,1,FALSE())),ISNA(VLOOKUP(A45,D:D,1,FALSE()))),"N","Y")) | C45: HeadingParmeterC1 | D45: single | E45: 1 | F45: =IF(AND(ISNA(VLOOKUP(D45,A:A,1,FALSE())),ISNA(VLOOKUP(D45,BaseType!A:A,1,FALSE())),D45<>"Struct"),"N","Y") -> Y | G45: 车道线方程式参数C1
B46: =IF(ISBLANK(A46),"",IF(AND(ISNA(VLOOKUP(A46,Interface_T1GC!E:E,1,FALSE())),ISNA(VLOOKUP(A46,D:D,1,FALSE()))),"N","Y")) | C46: CurvatureParatemerC2 | D46: single | E46: 1 | F46: =IF(AND(ISNA(VLOOKUP(D46,A:A,1,FALSE())),ISNA(VLOOKUP(D46,BaseType!A:A,1,FALSE())),D46<>"Struct"),"N","Y") -> Y | G46: 车道线方程式参数C2
B47: =IF(ISBLANK(A47),"",IF(AND(ISNA(VLOOKUP(A47,Interface_T1GC!E:E,1,FALSE())),ISNA(VLOOKUP(A47,D:D,1,FALSE()))),"N","Y")) | C47: CurvatureRateParatemerC3 | D47: single | E47: 1 | F47: =IF(AND(ISNA(VLOOKUP(D47,A:A,1,FALSE())),ISNA(VLOOKUP(D47,BaseType!A:A,1,FALSE())),D47<>"Struct"),"N","Y") -> Y | G47: 车道线方程式参数C3
B48: =IF(ISBLANK(A48),"",IF(AND(ISNA(VLOOKUP(A48,Interface_T1GC!E:E,1,FALSE())),ISNA(VLOOKUP(A48,D:D,1,FALSE()))),"N","Y")) | C48: Type | D48: uint8 | E48: 1 | F48: =IF(AND(ISNA(VLOOKUP(D48,A:A,1,FALSE())),ISNA(VLOOKUP(D48,BaseType!A:A,1,FALSE())),D48<>"Struct"),"N","Y") -> Y | G48: 车道线类型 0x0:none 0x1:solid 0x2:dashed 0x3:reserved
B49: =IF(ISBLANK(A49),"",IF(AND(ISNA(VLOOKUP(A49,Interface_T1GC!E:E,1,FALSE())),ISNA(VLOOKUP(A49,D:D,1,FALSE()))),"N","Y")) | C49: Color | D49: uint8 | E49: 1 | F49: =IF(AND(ISNA(VLOOKUP(D49,A:A,1,FALSE())),ISNA(VLOOKUP(D49,BaseType!A:A,1,FALSE())),D49<>"Struct"),"N","Y") -> Y | G49: 车道线显示颜色 0x0:none 0x1:grey 0x2:blue 0x3:yellow 0x4:red
B50: =IF(ISBLANK(A50),"",IF(AND(ISNA(VLOOKUP(A50,Interface_T1GC!E:E,1,FALSE())),ISNA(VLOOKUP(A50,D:D,1,FALSE()))),"N","Y")) | C50: ClosePointX | D50: single | E50: 1 | F50: =IF(AND(ISNA(VLOOKUP(D50,A:A,1,FALSE())),ISNA(VLOOKUP(D50,BaseType!A:A,1,FALSE())),D50<>"Struct"),"N","Y") -> Y | G50: 近端点位置，单位m
B51: =IF(ISBLANK(A51),"",IF(AND(ISNA(VLOOKUP(A51,Interface_T1GC!E:E,1,FALSE())),ISNA(VLOOKUP(A51,D:D,1,FALSE()))),"N","Y")) | C51: FarPointX | D51: single | E51: 1 | F51: =IF(AND(ISNA(VLOOKUP(D51,A:A,1,FALSE())),ISNA(VLOOKUP(D51,BaseType!A:A,1,FALSE())),D51<>"Struct"),"N","Y") -> Y | G51: 远端点位置，单位m
B52: =IF(ISBLANK(A52),"",IF(AND(ISNA(VLOOKUP(A52,Interface_T1GC!E:E,1,FALSE())),ISNA(VLOOKUP(A52,D:D,1,FALSE()))),"N","Y")) | C52: LanePosition | D52: uint8 | E52: 1 | F52: =IF(AND(ISNA(VLOOKUP(D52,A:A,1,FALSE())),ISNA(VLOOKUP(D52,BaseType!A:A,1,FALSE())),D52<>"Struct"),"N","Y") -> Y | G52: 车道线位置， 0x0:Unknown 0x1:Ego_left 0x2:Ego_right 0x3:Left_adjacent_left 0x4:Right_adjacent_right 0x5:Left_road_edge 0x6:Right_road_edge
A53: SomeIP_PlanningPath_BUS | B53: =IF(ISBLANK(A53),"",IF(AND(ISNA(VLOOKUP(A53,Interface_T1GC!E:E,1,FALSE())),ISNA(VLOOKUP(A53,D:D,1,FALSE()))),"N","Y")) -> Y | D53: Struct | F53: =IF(AND(ISNA(VLOOKUP(D53,A:A,1,FALSE())),ISNA(VLOOKUP(D53,BaseType!A:A,1,FALSE())),D53<>"Struct"),"N","Y") -> Y
B54: =IF(ISBLANK(A54),"",IF(AND(ISNA(VLOOKUP(A54,Interface_T1GC!E:E,1,FALSE())),ISNA(VLOOKUP(A54,D:D,1,FALSE()))),"N","Y")) | C54: timestamp | D54: uint64 | E54: 1 | F54: =IF(AND(ISNA(VLOOKUP(D54,A:A,1,FALSE())),ISNA(VLOOKUP(D54,BaseType!A:A,1,FALSE())),D54<>"Struct"),"N","Y") -> Y | G54: 时间戳ms
B55: =IF(ISBLANK(A55),"",IF(AND(ISNA(VLOOKUP(A55,Interface_T1GC!E:E,1,FALSE())),ISNA(VLOOKUP(A55,D:D,1,FALSE()))),"N","Y")) | C55: PointCnt | D55: uint8 | E55: 1 | F55: =IF(AND(ISNA(VLOOKUP(D55,A:A,1,FALSE())),ISNA(VLOOKUP(D55,BaseType!A:A,1,FALSE())),D55<>"Struct"),"N","Y") -> Y | G55: 规划点个数
B56: =IF(ISBLANK(A56),"",IF(AND(ISNA(VLOOKUP(A56,Interface_T1GC!E:E,1,FALSE())),ISNA(VLOOKUP(A56,D:D,1,FALSE()))),"N","Y")) | C56: PointInfoList | D56: SomeIP_PointInfoList_BUS | E56: 64 | F56: =IF(AND(ISNA(VLOOKUP(D56,A:A,1,FALSE())),ISNA(VLOOKUP(D56,BaseType!A:A,1,FALSE())),D56<>"Struct"),"N","Y") -> Y | G56: 规划点信息列表
A57: SomeIP_PointInfoList_BUS | B57: =IF(ISBLANK(A57),"",IF(AND(ISNA(VLOOKUP(A57,Interface_T1GC!E:E,1,FALSE())),ISNA(VLOOKUP(A57,D:D,1,FALSE()))),"N","Y")) -> Y | D57: Struct | F57: =IF(AND(ISNA(VLOOKUP(D57,A:A,1,FALSE())),ISNA(VLOOKUP(D57,BaseType!A:A,1,FALSE())),D57<>"Struct"),"N","Y") -> Y
B58: =IF(ISBLANK(A58),"",IF(AND(ISNA(VLOOKUP(A58,Interface_T1GC!E:E,1,FALSE())),ISNA(VLOOKUP(A58,D:D,1,FALSE()))),"N","Y")) | C58: Coordinate_X | D58: single | E58: 1 | F58: =IF(AND(ISNA(VLOOKUP(D58,A:A,1,FALSE())),ISNA(VLOOKUP(D58,BaseType!A:A,1,FALSE())),D58<>"Struct"),"N","Y") -> Y | G58: X坐标，单位cm
B59: =IF(ISBLANK(A59),"",IF(AND(ISNA(VLOOKUP(A59,Interface_T1GC!E:E,1,FALSE())),ISNA(VLOOKUP(A59,D:D,1,FALSE()))),"N","Y")) | C59: Coordinate_Y | D59: single | E59: 1 | F59: =IF(AND(ISNA(VLOOKUP(D59,A:A,1,FALSE())),ISNA(VLOOKUP(D59,BaseType!A:A,1,FALSE())),D59<>"Struct"),"N","Y") -> Y | G59: Y坐标，单位cm
A60: SomeIP_Othersymbol_BUS | B60: =IF(ISBLANK(A60),"",IF(AND(ISNA(VLOOKUP(A60,Interface_T1GC!E:E,1,FALSE())),ISNA(VLOOKUP(A60,D:D,1,FALSE()))),"N","Y")) -> Y | D60: Struct | F60: =IF(AND(ISNA(VLOOKUP(D60,A:A,1,FALSE())),ISNA(VLOOKUP(D60,BaseType!A:A,1,FALSE())),D60<>"Struct"),"N","Y") -> Y
B61: =IF(ISBLANK(A61),"",IF(AND(ISNA(VLOOKUP(A61,Interface_T1GC!E:E,1,FALSE())),ISNA(VLOOKUP(A61,D:D,1,FALSE()))),"N","Y")) | C61: timestamp | D61: uint64 | E61: 1 | F61: =IF(AND(ISNA(VLOOKUP(D61,A:A,1,FALSE())),ISNA(VLOOKUP(D61,BaseType!A:A,1,FALSE())),D61<>"Struct"),"N","Y") -> Y | G61: 时间戳ms
B62: =IF(ISBLANK(A62),"",IF(AND(ISNA(VLOOKUP(A62,Interface_T1GC!E:E,1,FALSE())),ISNA(VLOOKUP(A62,D:D,1,FALSE()))),"N","Y")) | C62: LaneChangePoint | D62: uint8 | E62: 1 | F62: =IF(AND(ISNA(VLOOKUP(D62,A:A,1,FALSE())),ISNA(VLOOKUP(D62,BaseType!A:A,1,FALSE())),D62<>"Struct"),"N","Y") -> Y | G62: 变道落位点 0x0:none 0x1:left_lane blue 0x2:right_lane blue 0x3:ego_lane blue 0x4:left_lane red 0x5:right_lane red 0x6~0x7:reserved
B63: =IF(ISBLANK(A63),"",IF(AND(ISNA(VLOOKUP(A63,Interface_T1GC!E:E,1,FALSE())),ISNA(VLOOKUP(A63,D:D,1,FALSE()))),"N","Y")) | C63: EgoVehicleState | D63: uint8 | E63: 1 | F63: =IF(AND(ISNA(VLOOKUP(D63,A:A,1,FALSE())),ISNA(VLOOKUP(D63,BaseType!A:A,1,FALSE())),D63<>"Struct"),"N","Y") -> Y | G63: 自车加减速状态 0x0:none 0x1:accelerate 0x2:moderate 0x3:Reserved
B64: =IF(ISBLANK(A64),"",IF(AND(ISNA(VLOOKUP(A64,Interface_T1GC!E:E,1,FALSE())),ISNA(VLOOKUP(A64,D:D,1,FALSE()))),"N","Y")) | C64: IsStoparea | D64: uint8 | E64: 1 | F64: =IF(AND(ISNA(VLOOKUP(D64,A:A,1,FALSE())),ISNA(VLOOKUP(D64,BaseType!A:A,1,FALSE())),D64<>"Struct"),"N","Y") -> Y | G64: 是否显示跟车停止线 0x0:no display 0x1:display
B65: =IF(ISBLANK(A65),"",IF(AND(ISNA(VLOOKUP(A65,Interface_T1GC!E:E,1,FALSE())),ISNA(VLOOKUP(A65,D:D,1,FALSE()))),"N","Y")) | C65: StopareaX | D65: single | E65: 1 | F65: =IF(AND(ISNA(VLOOKUP(D65,A:A,1,FALSE())),ISNA(VLOOKUP(D65,BaseType!A:A,1,FALSE())),D65<>"Struct"),"N","Y") -> Y | G65: 跟车停止线纵向位置，单位cm
B66: =IF(ISBLANK(A66),"",IF(AND(ISNA(VLOOKUP(A66,Interface_T1GC!E:E,1,FALSE())),ISNA(VLOOKUP(A66,D:D,1,FALSE()))),"N","Y")) | C66: StoparealeftY | D66: single | E66: 1 | F66: =IF(AND(ISNA(VLOOKUP(D66,A:A,1,FALSE())),ISNA(VLOOKUP(D66,BaseType!A:A,1,FALSE())),D66<>"Struct"),"N","Y") -> Y | G66: 跟车停止线左侧位置点横向位置，单位cm
B67: =IF(ISBLANK(A67),"",IF(AND(ISNA(VLOOKUP(A67,Interface_T1GC!E:E,1,FALSE())),ISNA(VLOOKUP(A67,D:D,1,FALSE()))),"N","Y")) | C67: StoparearightY | D67: single | E67: 1 | F67: =IF(AND(ISNA(VLOOKUP(D67,A:A,1,FALSE())),ISNA(VLOOKUP(D67,BaseType!A:A,1,FALSE())),D67<>"Struct"),"N","Y") -> Y | G67: 跟车停止线右侧位置点横向位置，单位cm
A68: SomeIP_ParkingGenaralInfo_BUS | B68: =IF(ISBLANK(A68),"",IF(AND(ISNA(VLOOKUP(A68,Interface_T1GC!E:E,1,FALSE())),ISNA(VLOOKUP(A68,D:D,1,FALSE()))),"N","Y")) -> Y | D68: Struct | F68: =IF(AND(ISNA(VLOOKUP(D68,A:A,1,FALSE())),ISNA(VLOOKUP(D68,BaseType!A:A,1,FALSE())),D68<>"Struct"),"N","Y") -> Y | G68: ADS语音播报链路（暂借用泊车语音信号）
B69: =IF(ISBLANK(A69),"",IF(AND(ISNA(VLOOKUP(A69,Interface_T1GC!E:E,1,FALSE())),ISNA(VLOOKUP(A69,D:D,1,FALSE()))),"N","Y")) | C69: ParkingVoiceRemind | D69: uint8 | E69: 1 | F69: =IF(AND(ISNA(VLOOKUP(D69,A:A,1,FALSE())),ISNA(VLOOKUP(D69,BaseType!A:A,1,FALSE())),D69<>"Struct"),"N","Y") -> Y | G69: 泊车语音播报 0x0:No Request 0x1:Req Stop 0x2: Req Press Brake pedal && press Start Button 0x3: Req Parking start guidance 0x4: Req Apa Rear Space limit 0x5: Req Apa Pause 0x6: Req Apa Resume 0x7: Req Apa Quit && TOR 0x8: Req Apa Completed 0x9: Req HPA System Failure 0xA: Req HPA RelatedSystemFailure 0xB: Req HPA OutOff ODD 0xC~0xF:Reserved 0x10: Req Strat Path Trainning 0x11: Req Slow speed 0x12: Req Training length remain limit 100m 0x13: Req Path Tracking Successed 0x14: Req Release brake && Start cruising 0x15: Req Cruising will turn left 0x16: Req Cruising will turn right 0x17: Req will reach target slot 0x18: Req will park in target slot 0x19: Req please caution Pedestrain 0x1A: Req please caution Vehicle 0x1B: Req Hpa Pause 0x1C: Req Hpa Resume 0x1D: Req Hpa Quit && TOR 0x1E: Req Target Slot Occupied && Try other slot 0x1F Req Training End Off Length 0x20: Req Hpa Near Lift Point 0x21: Req Hpa Near Charger Point 0x22: Req Hpa Near In Point 0x23: Req Hpa Near Out Point 0x24: Req HPA System Failure 0x25: Req HPA RelatedSystemFailure 0x26: Req HPA OutOff ODD 0x27: HPA start guidance 0x28: HPA eixt , ple takeover 0x29: HPA complete 0x2A: Target slot occupied，HPA exit 0x2B: Req Hpa Near End Point 0x2E: Reserved 0x2F: RA exit , pls takeover 0x30: Req RA start guidance 0x31: Req RA Resume 0x32: Req RA Quit 0x33: Req RA Completed 0x34: Req RA System Failure 0x35: Req RA RelatedSystemFailure 0x36: Req RA OutOff ODD 0x37: Req Standby System Failure 0x38: Req Standby RelatedSystemFailure 0x39: Req Standby ADASActive 0x40: Req Standby Hignt Speed 0x41: Req Standby Collision Occurs 0x42: Reserved 0x43: Reserved 0x44: Reserved 0x45: Reserved 0x46: Reserved 0x47: Reserved 0x48: Reserved 0x49: Reserved 0x4A: Reserved 0x4B: Reserved 0x4C: Reserved 0x4E: Reserved 0x4F: Reserved 0x50: Reserved 0x51: ACC quit 0x52: LCC quit 0x53: NOC is actived 0x54: Out of NOC range soon 0x55: NOC will quit soon 0x56: NOC quit 0x57: Drive into the main road soon 0x58: Drive out the main road soon 0x59: Drive into ramp soon 0x5A: Change highway soon 0x5B: Drive into fast lane soon 0x5C: Overtake the front vehicle soon 0x5D: IES is actived 0x5E: Change to left lane soon 0x5F: Change to right lane soon 0x60: Safestop will active soon 0x61: Takeover the vehicle
A70: SomeIP_FuncState_HD_BUS | B70: =IF(ISBLANK(A70),"",IF(AND(ISNA(VLOOKUP(A70,Interface_T1GC!E:E,1,FALSE())),ISNA(VLOOKUP(A70,D:D,1,FALSE()))),"N","Y")) -> Y | D70: Struct | F70: =IF(AND(ISNA(VLOOKUP(D70,A:A,1,FALSE())),ISNA(VLOOKUP(D70,BaseType!A:A,1,FALSE())),D70<>"Struct"),"N","Y") -> Y | G70: 语音控车使用（主要使用其中的SetSpeed）
B71: =IF(ISBLANK(A71),"",IF(AND(ISNA(VLOOKUP(A71,Interface_T1GC!E:E,1,FALSE())),ISNA(VLOOKUP(A71,D:D,1,FALSE()))),"N","Y")) | C71: timestamp | D71: uint64 | E71: 1 | F71: =IF(AND(ISNA(VLOOKUP(D71,A:A,1,FALSE())),ISNA(VLOOKUP(D71,BaseType!A:A,1,FALSE())),D71<>"Struct"),"N","Y") -> Y | G71: 时间戳ms
B72: =IF(ISBLANK(A72),"",IF(AND(ISNA(VLOOKUP(A72,Interface_T1GC!E:E,1,FALSE())),ISNA(VLOOKUP(A72,D:D,1,FALSE()))),"N","Y")) | C72: IsHDMapHMI | D72: uint8 | E72: 1 | F72: =IF(AND(ISNA(VLOOKUP(D72,A:A,1,FALSE())),ISNA(VLOOKUP(D72,BaseType!A:A,1,FALSE())),D72<>"Struct"),"N","Y") -> Y | G72: 使能显示3D渲染界面 0x0:No need display 0x1:Prepare Display 0x2:Need Display
B73: =IF(ISBLANK(A73),"",IF(AND(ISNA(VLOOKUP(A73,Interface_T1GC!E:E,1,FALSE())),ISNA(VLOOKUP(A73,D:D,1,FALSE()))),"N","Y")) | C73: ACCState | D73: uint8 | E73: 1 | F73: =IF(AND(ISNA(VLOOKUP(D73,A:A,1,FALSE())),ISNA(VLOOKUP(D73,BaseType!A:A,1,FALSE())),D73<>"Struct"),"N","Y") -> Y | G73: ACC功能状态 0x0: Initial Mode 0x1: Passive mode 0x2: Ready mode 0x3: Active-Control mode 0x4:Brake-Only mode 0x5: Stand-active 0x6: Stand-wait 0x7: Override 0x8: Reserved/OFF mode(just for M32TFL2) 0x9: Failure mode
B74: =IF(ISBLANK(A74),"",IF(AND(ISNA(VLOOKUP(A74,Interface_T1GC!E:E,1,FALSE())),ISNA(VLOOKUP(A74,D:D,1,FALSE()))),"N","Y")) | C74: SetSpeed | D74: uint8 | E74: 1 | F74: =IF(AND(ISNA(VLOOKUP(D74,A:A,1,FALSE())),ISNA(VLOOKUP(D74,BaseType!A:A,1,FALSE())),D74<>"Struct"),"N","Y") -> Y | G74: ACC设定速度
B75: =IF(ISBLANK(A75),"",IF(AND(ISNA(VLOOKUP(A75,Interface_T1GC!E:E,1,FALSE())),ISNA(VLOOKUP(A75,D:D,1,FALSE()))),"N","Y")) | C75: CPState | D75: uint8 | E75: 1 | F75: =IF(AND(ISNA(VLOOKUP(D75,A:A,1,FALSE())),ISNA(VLOOKUP(D75,BaseType!A:A,1,FALSE())),D75<>"Struct"),"N","Y") -> Y | G75: CP（LCC/NOC）功能状态 0x0: Initial mode 0x1: OFF mode 0x2: Passive mode 0x3: CP Reday mode 0x4: CP Active-Control mode 0x5: CP lateral override mode 0x6: NOC Reday mode 0x7: NOC Active-Control mode 0x8: NOC lateral override mode 0x9: Safe stop mode 0xA: Failure mode
B76: =IF(ISBLANK(A76),"",IF(AND(ISNA(VLOOKUP(A76,Interface_T1GC!E:E,1,FALSE())),ISNA(VLOOKUP(A76,D:D,1,FALSE()))),"N","Y")) | C76: SLASpdLimit | D76: uint8 | E76: 1 | F76: =IF(AND(ISNA(VLOOKUP(D76,A:A,1,FALSE())),ISNA(VLOOKUP(D76,BaseType!A:A,1,FALSE())),D76<>"Struct"),"N","Y") -> Y | G76: 道路限速值 0x0: No Display 0x1: SPL Cancelled(Reserved) 0x2: SPL 5 0x3: SPL10 0x4: SPL 15 0x5: SPL 20 0x6: SPL 25 0x7: SPL 30 0x8: SPL 35 0x9: SPL 40 0xA: SPL 45 0xB: SPL 50 0xC: SPL 55 0xD: SPL 60 0xE: SPL 65 0xF: SPL 70 0x10: SPL 75 0x11: SPL 80 0x12: SPL 85 0x13: SPL 90 0x14: SPL 95 0x15: SPL 100 0x16: SPL 105 0x17: SPL 110 0x18: SPL 115 0x19: SPL 120 0x1A: SPL 125 0x1B: SPL 130 0x1C~0xFF: Reserved
B77: =IF(ISBLANK(A77),"",IF(AND(ISNA(VLOOKUP(A77,Interface_T1GC!E:E,1,FALSE())),ISNA(VLOOKUP(A77,D:D,1,FALSE()))),"N","Y")) | C77: TSItype | D77: uint8 | E77: 1 | F77: =IF(AND(ISNA(VLOOKUP(D77,A:A,1,FALSE())),ISNA(VLOOKUP(D77,BaseType!A:A,1,FALSE())),D77<>"Struct"),"N","Y") -> Y | G77: 摄像头识别的扎标信息 0x0: No display 0x1: NoHorning 0x2: NoPassing 0x3: NoPassingRev 0x4: AccidentProne 0x5: Continuous Turn 0x6: Danger 0x7: Down 0x8: LeftFalling 0x9: RightFalling 0xA: LRTurn 0xB: RLTurn 0xC: LeftTurn 0xD: RightTurn 0xE: LeftNarrow 0xF: RightNarrow 0x10：MergeLeft 0x11：MergeRight 0x12：SideWind 0x13：SplitLeft 0x14：SplitRight 0x15：Tunnel 0x16：TunelHeadlight 0x17：Up 0x18：Woring 0x19：Yleft 0x1A：Ramp 0x1B: SpeedLim5 0x1C: SpeedLim10 0x1D: SpeedLim15 0x1E: SpeedLim20 0x1F: SpeedLim25 0x20: SpeedLim30 0x21: SpeedLim35 0x22: SpeedLim40 0x23: SpeedLim45 0x24: SpeedLim50 0x25: SpeedLim55 0x26: SpeedLim60 0x27: SpeedLim70 0x28: SpeedLim80 0x29: SpeedLim90 0x2A: SpeedLim100 0x2B: SpeedLim110 0x2C: SpeedLim120 0x2D：SpeedLimRev30 0x2E：SpeedLimRev40 0x2F：SpeedLimRev50 0x30：SpeedLimRev60 0x31：SpeedLimRev70 0x32：SpeedLimRev80 0x33：SpeedLimRev90 0x34：SpeedLimRev100 0x35：SpeedLimRev110 0x36：SpeedLimRev120
B78: =IF(ISBLANK(A78),"",IF(AND(ISNA(VLOOKUP(A78,Interface_T1GC!E:E,1,FALSE())),ISNA(VLOOKUP(A78,D:D,1,FALSE()))),"N","Y")) | C78: LaneLineColor | D78: uint8 | E78: 1 | F78: =IF(AND(ISNA(VLOOKUP(D78,A:A,1,FALSE())),ISNA(VLOOKUP(D78,BaseType!A:A,1,FALSE())),D78<>"Struct"),"N","Y") -> Y | G78: 高亮自车车道线 0x0：None 0x1：LaneLine Blue 0x2：PlanningPoint
B79: =IF(ISBLANK(A79),"",IF(AND(ISNA(VLOOKUP(A79,Interface_T1GC!E:E,1,FALSE())),ISNA(VLOOKUP(A79,D:D,1,FALSE()))),"N","Y")) | C79: LaneChangeState | D79: uint8 | E79: 1 | F79: =IF(AND(ISNA(VLOOKUP(D79,A:A,1,FALSE())),ISNA(VLOOKUP(D79,BaseType!A:A,1,FALSE())),D79<>"Struct"),"N","Y") -> Y | G79: 变道状态 0x0：None 0x1：Waiting 0x2：Changing 0x3：Return 0x4：Cancelled 0x5：Finished 0x6：Failed
B80: =IF(ISBLANK(A80),"",IF(AND(ISNA(VLOOKUP(A80,Interface_T1GC!E:E,1,FALSE())),ISNA(VLOOKUP(A80,D:D,1,FALSE()))),"N","Y")) | C80: LaneChangeDirection | D80: uint8 | E80: 1 | F80: =IF(AND(ISNA(VLOOKUP(D80,A:A,1,FALSE())),ISNA(VLOOKUP(D80,BaseType!A:A,1,FALSE())),D80<>"Struct"),"N","Y") -> Y | G80: 变道方向 0x0：None 0x1：Left 0x2：Right
B81: =IF(ISBLANK(A81),"",IF(AND(ISNA(VLOOKUP(A81,Interface_T1GC!E:E,1,FALSE())),ISNA(VLOOKUP(A81,D:D,1,FALSE()))),"N","Y")) | C81: CurrentLinkID | D81: uint64 | E81: 1 | F81: =IF(AND(ISNA(VLOOKUP(D81,A:A,1,FALSE())),ISNA(VLOOKUP(D81,BaseType!A:A,1,FALSE())),D81<>"Struct"),"N","Y") -> Y | G81: 自车Link ID，赋默认值0
B82: =IF(ISBLANK(A82),"",IF(AND(ISNA(VLOOKUP(A82,Interface_T1GC!E:E,1,FALSE())),ISNA(VLOOKUP(A82,D:D,1,FALSE()))),"N","Y")) | C82: CurrentlaneNo | D82: uint8 | E82: 1 | F82: =IF(AND(ISNA(VLOOKUP(D82,A:A,1,FALSE())),ISNA(VLOOKUP(D82,BaseType!A:A,1,FALSE())),D82<>"Struct"),"N","Y") -> Y | G82: 自车lane编号 从右往左0，.... ，n，没有匹配上车线时赋值0xFF
... B90: =IF(ISBLANK(A90),"",IF(AND(ISNA(VLOOKUP(A90,Interface_T1GC!E:E,1,FALSE())),ISNA(VLOOKUP(A90,D:D,1,FALSE()))),"N","Y")) | C90: ADAS_Voice | D90: uint8 | E90: 1 | F90: =IF(AND(ISNA(VLOOKUP(D90,A:A,1,FALSE())),ISNA(VLOOKUP(D90,BaseType!A:A,1,FALSE())),D90<>"Struct"),"N","Y") -> Y | G90: 语音 0x0: No voice 0x1: ACC quit 0x2: LCC quit 0x3: NOC is actived 0x4: Out of NOC range soon 0x5: NOC will quit soon 0x6: NOC quit 0x7: Drive into the main road soon 0x8: Drive out the main road soon 0x9: Drive into ramp soon 0xA: Change highway soon 0xB: Drive into fast lane soon 0xC: Overtake the front vehicle soon 0xD: IES is actived 0xE: Change to left lane soon 0xF: Change to right lane soon 0x10: Safestop will active soon 0x11: Takeover the vehicle
A91: Front_Radar_Object_Info | B91: =IF(ISBLANK(A91),"",IF(AND(ISNA(VLOOKUP(A91,Interface_T1GC!E:E,1,FALSE())),ISNA(VLOOKUP(A91,D:D,1,FALSE()))),"N","Y")) -> Y | D91: Struct | F91: =IF(AND(ISNA(VLOOKUP(D91,A:A,1,FALSE())),ISNA(VLOOKUP(D91,BaseType!A:A,1,FALSE())),D91<>"Struct"),"N","Y") -> Y
C92: obj_alive_cnt | D92: uint32 | E92: 1 | F92: =IF(AND(ISNA(VLOOKUP(D92,A:A,1,FALSE())),ISNA(VLOOKUP(D92,BaseType!A:A,1,FALSE())),D92<>"Struct"),"N","Y") -> Y
C93: obj_id | D93: uint32 | E93: 1 | F93: =IF(AND(ISNA(VLOOKUP(D93,A:A,1,FALSE())),ISNA(VLOOKUP(D93,BaseType!A:A,1,FALSE())),D93<>"Struct"),"N","Y") -> Y
C94: obj_exist_prob | D94: uint32 | E94: 1 | F94: =IF(AND(ISNA(VLOOKUP(D94,A:A,1,FALSE())),ISNA(VLOOKUP(D94,BaseType!A:A,1,FALSE())),D94<>"Struct"),"N","Y") -> Y
C95: obj_obstacle_prob | D95: uint32 | E95: 1 | F95: =IF(AND(ISNA(VLOOKUP(D95,A:A,1,FALSE())),ISNA(VLOOKUP(D95,BaseType!A:A,1,FALSE())),D95<>"Struct"),"N","Y") -> Y
C96: obj_dx | D96: single | E96: 1 | F96: =IF(AND(ISNA(VLOOKUP(D96,A:A,1,FALSE())),ISNA(VLOOKUP(D96,BaseType!A:A,1,FALSE())),D96<>"Struct"),"N","Y") -> Y
C97: obj_dy | D97: single | E97: 1 | F97: =IF(AND(ISNA(VLOOKUP(D97,A:A,1,FALSE())),ISNA(VLOOKUP(D97,BaseType!A:A,1,FALSE())),D97<>"Struct"),"N","Y") -> Y
C98: obj_vx | D98: single | E98: 1 | F98: =IF(AND(ISNA(VLOOKUP(D98,A:A,1,FALSE())),ISNA(VLOOKUP(D98,BaseType!A:A,1,FALSE())),D98<>"Struct"),"N","Y") -> Y
C99: obj_vy | D99: single | E99: 1 | F99: =IF(AND(ISNA(VLOOKUP(D99,A:A,1,FALSE())),ISNA(VLOOKUP(D99,BaseType!A:A,1,FALSE())),D99<>"Struct"),"N","Y") -> Y
C100: obj_ax | D100: single | E100: 1 | F100: =IF(AND(ISNA(VLOOKUP(D100,A:A,1,FALSE())),ISNA(VLOOKUP(D100,BaseType!A:A,1,FALSE())),D100<>"Struct"),"N","Y") -> Y
C101: obj_ay | D101: single | E101: 1 | F101: =IF(AND(ISNA(VLOOKUP(D101,A:A,1,FALSE())),ISNA(VLOOKUP(D101,BaseType!A:A,1,FALSE())),D101<>"Struct"),"N","Y") -> Y
C102: obj_dx_var | D102: single | E102: 1 | F102: =IF(AND(ISNA(VLOOKUP(D102,A:A,1,FALSE())),ISNA(VLOOKUP(D102,BaseType!A:A,1,FALSE())),D102<>"Struct"),"N","Y") -> Y
C103: obj_dy_var | D103: single | E103: 1 | F103: =IF(AND(ISNA(VLOOKUP(D103,A:A,1,FALSE())),ISNA(VLOOKUP(D103,BaseType!A:A,1,FALSE())),D103<>"Struct"),"N","Y") -> Y
... C117: obj_track_frame | D117: uint32 | E117: 1 | F117: =IF(AND(ISNA(VLOOKUP(D117,A:A,1,FALSE())),ISNA(VLOOKUP(D117,BaseType!A:A,1,FALSE())),D117<>"Struct"),"N","Y") -> Y
A118: Front_Radar_Location_Info | B118: =IF(ISBLANK(A118),"",IF(AND(ISNA(VLOOKUP(A118,Interface_T1GC!E:E,1,FALSE())),ISNA(VLOOKUP(A118,D:D,1,FALSE()))),"N","Y")) -> Y | D118: Struct | F118: =IF(AND(ISNA(VLOOKUP(D118,A:A,1,FALSE())),ISNA(VLOOKUP(D118,BaseType!A:A,1,FALSE())),D118<>"Struct"),"N","Y") -> Y
C119: loc_alive_cnt | D119: uint32 | E119: 1 | F119: =IF(AND(ISNA(VLOOKUP(D119,A:A,1,FALSE())),ISNA(VLOOKUP(D119,BaseType!A:A,1,FALSE())),D119<>"Struct"),"N","Y") -> Y
C120: loc_valid | D120: boolean | E120: 1 | F120: =IF(AND(ISNA(VLOOKUP(D120,A:A,1,FALSE())),ISNA(VLOOKUP(D120,BaseType!A:A,1,FALSE())),D120<>"Struct"),"N","Y") -> Y
...

Sheet Interface_E01
A1: SWCName | B1: I/O | C1: PortType | D1: PortName/Operation | E1: Rte_Type/Return_Type | F1: RteTypeExist | G1: Description | H1: DataAccessMode | I1: IsQueued | J1: QueueLength | K1: InterfaceType | L1: IsService | M1: IsUpdated | N1: SignalType_Simple_Array_Record_ | O1: RecordTypedefName
A2: autosar_swc_val | B2: Inport | C2: S/R | D2: Fusa_CAN_E2E | E2: Fusa_CAN_E2E_BUS | F2: =IF(AND( ISNA(VLOOKUP(E2,DataType_E01!A:A,1,FALSE)), ISNA(VLOOKUP(E2,DataType_Platform!A:A,1,FALSE)), ISNA(VLOOKUP(E2,BaseType!A:A,1,FALSE))),"N","Y") -> Y | G2: 功能安全E2E信息 | H2: Explict | I2: N
A3: autosar_swc_val | B3: Inport | C3: S/R | D3: Fusa_CAN_Value | E3: Fusa_CAN_Value_BUS | F3: =IF(AND( ISNA(VLOOKUP(E3,DataType_E01!A:A,1,FALSE)), ISNA(VLOOKUP(E3,DataType_Platform!A:A,1,FALSE)), ISNA(VLOOKUP(E3,BaseType!A:A,1,FALSE))),"N","Y") -> Y | G3: 功能安全依赖矩阵信号 | H3: Explict | I3: N
A4: autosar_swc_val | B4: Inport | C4: S/R | D4: Fusa_ErrID | E4: Fusa_ErrID_BUS | F4: =IF(AND( ISNA(VLOOKUP(E4,DataType_E01!A:A,1,FALSE)), ISNA(VLOOKUP(E4,DataType_Platform!A:A,1,FALSE)), ISNA(VLOOKUP(E4,BaseType!A:A,1,FALSE))),"N","Y") -> Y | G4: 底层功能安全ErrID | H4: Explict | I4: N
A5: autosar_swc_val | B5: Inport | C5: S/R | D5: SysIn_HMI_ADASSetting | E5: SomeIP_HMI_ADASSetting_BUS | F5: =IF(AND( ISNA(VLOOKUP(E5,DataType_E01!A:A,1,FALSE)), ISNA(VLOOKUP(E5,DataType_Platform!A:A,1,FALSE)), ISNA(VLOOKUP(E5,BaseType!A:A,1,FALSE))),"N","Y") -> Y | G5: ADAS开关设置项 | H5: Explict | I5: N | L5: N
A6: autosar_swc_val | B6: Inport | C6: S/R | D6: SysIn_ICC_SDmapInfo_2 | E6: SomeIP_ICC_SDmapInfo_2_BUS | F6: =IF(AND( ISNA(VLOOKUP(E6,DataType_E01!A:A,1,FALSE)), ISNA(VLOOKUP(E6,DataType_Platform!A:A,1,FALSE)), ISNA(VLOOKUP(E6,BaseType!A:A,1,FALSE))),"N","Y") -> Y | G6: SD map output information | H6: Explict | I6: N | L6: N
A7: autosar_swc_val | B7: Outport | C7: S/R | D7: SysOut_FCM_DrivingHmiEnv | E7: SomeIP_FCM_DrivingHmiEnv_BUS | F7: =IF(AND( ISNA(VLOOKUP(E7,DataType_E01!A:A,1,FALSE)), ISNA(VLOOKUP(E7,DataType_Platform!A:A,1,FALSE)), ISNA(VLOOKUP(E7,BaseType!A:A,1,FALSE))),"N","Y") -> Y | G7: 人机交互环境重构 | H7: Explict | I7: N | M7: N
A8: autosar_swc_val | B8: Outport | C8: S/R | D8: SysOut_FCM_DrivingFuncInfo | E8: SomeIP_FCM_DrivingFuncInfo_BUS | F8: =IF(AND( ISNA(VLOOKUP(E8,DataType_E01!A:A,1,FALSE)), ISNA(VLOOKUP(E8,DataType_Platform!A:A,1,FALSE)), ISNA(VLOOKUP(E8,BaseType!A:A,1,FALSE))),"N","Y") -> Y | G8: 驾驶功能信息 | H8: Explict | I8: N | M8: N
A9: autosar_swc_val | B9: Outport | C9: S/R | D9: SysOut_FCM_ActiveSafetyInfo | E9: SomeIP_FCM_ActiveSafetyInfo_BUS | F9: =IF(AND( ISNA(VLOOKUP(E9,DataType_E01!A:A,1,FALSE)), ISNA(VLOOKUP(E9,DataType_Platform!A:A,1,FALSE)), ISNA(VLOOKUP(E9,BaseType!A:A,1,FALSE))),"N","Y") -> Y | G9: 主动安全信息 | H9: Explict | I9: N | M9: N
A10: autosar_swc_val | B10: Outport | C10: S/R | D10: SysOut_FCM_SensorInfo | E10: SomeIP_FCM_SensorInfo_BUS | F10: =IF(AND( ISNA(VLOOKUP(E10,DataType_E01!A:A,1,FALSE)), ISNA(VLOOKUP(E10,DataType_Platform!A:A,1,FALSE)), ISNA(VLOOKUP(E10,BaseType!A:A,1,FALSE))),"N","Y") -> Y | G10: ADAS 控制器及传感器状态信息服务 | H10: Explict | I10: N | M10: N
A11: autosar_swc_val | B11: Outport | C11: S/R | D11: SysOut_FCM_UUID | E11: SomeIP_SysOut_FCM_UUID_BUS | F11: =IF(AND( ISNA(VLOOKUP(E11,DataType_E01!A:A,1,FALSE)), ISNA(VLOOKUP(E11,DataType_Platform!A:A,1,FALSE)), ISNA(VLOOKUP(E11,BaseType!A:A,1,FALSE))),"N","Y") -> Y | G11: 车辆UUID信息 | H11: Explict | I11: N | M11: N
A12: autosar_swc_val | B12: Outport | C12: S/R | D12: SysOut_FCM_DVRSts | E12: SomeIP_SysOut_FCM_DVRSts_BUS | F12: =IF(AND( ISNA(VLOOKUP(E12,DataType_E01!A:A,1,FALSE)), ISNA(VLOOKUP(E12,DataType_Platform!A:A,1,FALSE)), ISNA(VLOOKUP(E12,BaseType!A:A,1,FALSE))),"N","Y") -> Y | G12: DVR状态反馈 | H12: Explict | I12: N | M12: N
A13: autosar_swc_fusion | B13: Inport | C13: S/R | D13: RR_CR_OBJ | E13: CR_OBJ_BUS | F13: =IF(AND(ISNA(VLOOKUP(E13,DataType_T1GC!A:A,1,FALSE())),ISNA(VLOOKUP(E13,BaseType!A:A,1,FALSE()))),"Y","Y") -> Y | H13: Explict | I13: N | M13: Y
A14: autosar_swc_fusion | B14: Inport | C14: S/R | D14: RL_CR_OBJ | E14: CR_OBJ_BUS | F14: =IF(AND(ISNA(VLOOKUP(E14,DataType_T1GC!A:A,1,FALSE())),ISNA(VLOOKUP(E14,BaseType!A:A,1,FALSE()))),"Y","Y") -> Y | H14: Explict | I14: N | M14: Y
A15: autosar_swc_dataclct | B15: Inport | C15: S/R | D15: Fusa_CAN_E2E | E15: Fusa_CAN_E2E_BUS | F15: =IF(AND( ISNA(VLOOKUP(E15,DataType_E01!A:A,1,FALSE)), ISNA(VLOOKUP(E15,DataType_Platform!A:A,1,FALSE)), ISNA(VLOOKUP(E15,BaseType!A:A,1,FALSE))),"N","Y") -> Y | H15: Explict | I15: N | K15: 0 | L15: 0 | M15: N
A16: autosar_swc_dataclct | B16: Inport | C16: S/R | D16: Fusa_ErrID | E16: Fusa_ErrID_BUS | F16: =IF(AND( ISNA(VLOOKUP(E16,DataType_E01!A:A,1,FALSE)), ISNA(VLOOKUP(E16,DataType_Platform!A:A,1,FALSE)), ISNA(VLOOKUP(E16,BaseType!A:A,1,FALSE))),"N","Y") -> Y | H16: Explict | I16: N
A17: autosar_swc_dataclct | B17: Outport | C17: S/R | D17: FUSA_10ms_Data | E17: FUSA_10ms_Data_BUS | F17: =IF(AND(ISNA(VLOOKUP(E17,DataType_E01!A:A,1,FALSE())),ISNA(VLOOKUP(E17,BaseType!A:A,1,FALSE()))),"N","Y") -> Y | H17: Explict | I17: N | M17: N

Sheet DataType_E01
A1: Data Type Name | B1: IsUsed | C1: Member(valid if Data Type is Struct or Enum) | D1: DataType/EnumValue | E1: Dimensions | F1: Data Type Exist | G1: Description | H1: Size(bits) | I1: Min | J1: Max | K1: Factor | L1: Offset | M1: Unit
A2: Fusa_CAN_E2E_BUS | B2: =IF(ISBLANK(A2),"",IF(AND(ISNA(VLOOKUP(A2,Interface_E01!E:E,1,FALSE())),ISNA(VLOOKUP(A2,D:D,1,FALSE()))),"N","Y")) -> Y | D2: Struct | F2: =IF(AND(ISNA(VLOOKUP(D2,A:A,1,FALSE())),ISNA(VLOOKUP(D2,BaseType!A:A,1,FALSE())),D2<>"Struct"),"N","Y") -> Y
C3: Fusa_ACU_1_CRC1_Error | D3: boolean | E3: 1 | F3: =IF(AND(ISNA(VLOOKUP(D3,A:A,1,FALSE())),ISNA(VLOOKUP(D3,BaseType!A:A,1,FALSE())),D3<>"Struct"),"N","Y") -> Y | G3: ACU_1_CRC1_Error E2E通讯故障错误
C4: Fusa_ACU_1_RollgCntr1_Error | D4: boolean | E4: 1 | F4: =IF(AND(ISNA(VLOOKUP(D4,A:A,1,FALSE())),ISNA(VLOOKUP(D4,BaseType!A:A,1,FALSE())),D4<>"Struct"),"N","Y") -> Y | G4: ACU_1_RollgCntr1_Error E2E通讯故障错误
C5: Fusa_ACU_2_CRC1_Error | D5: boolean | E5: 1 | F5: =IF(AND(ISNA(VLOOKUP(D5,A:A,1,FALSE())),ISNA(VLOOKUP(D5,BaseType!A:A,1,FALSE())),D5<>"Struct"),"N","Y") -> Y | G5: ACU_2_CRC1_Error E2E通讯故障错误
C6: Fusa_ACU_2_RollgCntr1_Error | D6: boolean | E6: 1 | F6: =IF(AND(ISNA(VLOOKUP(D6,A:A,1,FALSE())),ISNA(VLOOKUP(D6,BaseType!A:A,1,FALSE())),D6<>"Struct"),"N","Y") -> Y | G6: ACU_2_RollgCntr1_Error E2E通讯故障错误
C7: Fusa_ACU_2_Timeout | D7: boolean | E7: 1 | F7: =IF(AND(ISNA(VLOOKUP(D7,A:A,1,FALSE())),ISNA(VLOOKUP(D7,BaseType!A:A,1,FALSE())),D7<>"Struct"),"N","Y") -> Y | G7: ACU_2_Timeout 数据帧通讯超时
C8: Fusa_ACU_3_CRC1_Error | D8: boolean | E8: 1 | F8: =IF(AND(ISNA(VLOOKUP(D8,A:A,1,FALSE())),ISNA(VLOOKUP(D8,BaseType!A:A,1,FALSE())),D8<>"Struct"),"N","Y") -> Y | G8: ACU_3_CRC1_Error E2E通讯故障错误
C9: Fusa_ACU_3_RollgCntr1_Error | D9: boolean | E9: 1 | F9: =IF(AND(ISNA(VLOOKUP(D9,A:A,1,FALSE())),ISNA(VLOOKUP(D9,BaseType!A:A,1,FALSE())),D9<>"Struct"),"N","Y") -> Y | G9: ACU_3_RollgCntr1_Error E2E通讯故障错误
C10: Fusa_ACU_3_Timeout | D10: boolean | E10: 1 | F10: =IF(AND(ISNA(VLOOKUP(D10,A:A,1,FALSE())),ISNA(VLOOKUP(D10,BaseType!A:A,1,FALSE())),D10<>"Struct"),"N","Y") -> Y | G10: ACU_3_Timeout 数据帧通讯超时
C11: Fusa_EPB_R_1_CRC1_Error | D11: boolean | E11: 1 | F11: =IF(AND(ISNA(VLOOKUP(D11,A:A,1,FALSE())),ISNA(VLOOKUP(D11,BaseType!A:A,1,FALSE())),D11<>"Struct"),"N","Y") -> Y | G11: EPB_R_1_CRC1_Error E2E通讯故障错误
C12: Fusa_EPB_R_1_RollgCntr1_Error | D12: boolean | E12: 1 | F12: =IF(AND(ISNA(VLOOKUP(D12,A:A,1,FALSE())),ISNA(VLOOKUP(D12,BaseType!A:A,1,FALSE())),D12<>"Struct"),"N","Y") -> Y | G12: EPB_R_1_RollgCntr1_Error E2E通讯故障错误
C13: Fusa_EPB_R_1_CRC2_Error | D13: boolean | E13: 1 | F13: =IF(AND(ISNA(VLOOKUP(D13,A:A,1,FALSE())),ISNA(VLOOKUP(D13,BaseType!A:A,1,FALSE())),D13<>"Struct"),"N","Y") -> Y | G13: EPB_R_1_CRC2_Error E2E通讯故障错误
C14: Fusa_EPB_R_1_RollgCntr2_Error | D14: boolean | E14: 1 | F14: =IF(AND(ISNA(VLOOKUP(D14,A:A,1,FALSE())),ISNA(VLOOKUP(D14,BaseType!A:A,1,FALSE())),D14<>"Struct"),"N","Y") -> Y | G14: EPB_R_1_RollgCntr2_Error E2E通讯故障错误
... C171: Fusa_VCC_3_RollgCntr_Error | D171: boolean | E171: 1 | F171: =IF(AND(ISNA(VLOOKUP(D171,A:A,1,FALSE())),ISNA(VLOOKUP(D171,BaseType!A:A,1,FALSE())),D171<>"Struct"),"N","Y") -> Y | G171: VCC_3_RollgCntr_Error E2E通讯故障错误
A172: Fusa_CAN_Value_BUS | B172: =IF(ISBLANK(A172),"",IF(AND(ISNA(VLOOKUP(A172,Interface_E01!E:E,1,FALSE())),ISNA(VLOOKUP(A172,D:D,1,FALSE()))),"N","Y")) -> Y | D172: Struct | E172: 1 | F172: =IF(AND(ISNA(VLOOKUP(D172,A:A,1,FALSE())),ISNA(VLOOKUP(D172,BaseType!A:A,1,FALSE())),D172<>"Struct"),"N","Y") -> Y
C173: Fusa_ACU_2_LateralAcceleration | D173: single | E173: 1 | F173: =IF(AND(ISNA(VLOOKUP(D173,A:A,1,FALSE())),ISNA(VLOOKUP(D173,BaseType!A:A,1,FALSE())),D173<>"Struct"),"N","Y") -> Y | G173: CAN矩阵输入信号: 描述:Lateral acceleration signal Sensor accuracy：0.0027680342857143g 信号值:
C174: Fusa_ACU_2_YawRate | D174: single | E174: 1 | F174: =IF(AND(ISNA(VLOOKUP(D174,A:A,1,FALSE())),ISNA(VLOOKUP(D174,BaseType!A:A,1,FALSE())),D174<>"Struct"),"N","Y") -> Y | G174: CAN矩阵输入信号: 描述:Yaw rate signal Sensor accuracy：0.122189236 deg/s 信号值:
C175: Fusa_ACU_2_YASCalibrationSts | D175: boolean | E175: 1 | F175: =IF(AND(ISNA(VLOOKUP(D175,A:A,1,FALSE())),ISNA(VLOOKUP(D175,BaseType!A:A,1,FALSE())),D175<>"Struct"),"N","Y") -> Y | G175: CAN矩阵输入信号: 描述:Indicates IMU Calibration State 信号值: 0x0:Sensor Not Calibrated 0x1:Sensor Calibrated
C176: Fusa_ACU_2_YawrateSigValidData | D176: uint8 | E176: 1 | F176: =IF(AND(ISNA(VLOOKUP(D176,A:A,1,FALSE())),ISNA(VLOOKUP(D176,BaseType!A:A,1,FALSE())),D176<>"Struct"),"N","Y") -> Y | G176: CAN矩阵输入信号: 描述:Signal state for yawrate 信号值: 0x0:Valid 0x1:Reserved 0x2:Invalid 0x3:Initialize
C177: Fusa_ACU_2_LateralAccelerationSigVD | D177: uint8 | E177: 1 | F177: =IF(AND(ISNA(VLOOKUP(D177,A:A,1,FALSE())),ISNA(VLOOKUP(D177,BaseType!A:A,1,FALSE())),D177<>"Struct"),"N","Y") -> Y | G177: CAN矩阵输入信号: 描述:If hasn’t been calibrated, after initialization, this signal ‘s value is always 10(invalid). 信号值: 0x0:Valid 0x1:Reserved 0x2:Invalid 0x3:Initialize
C178: Fusa_ACU_3_LongitudinalAcceleration | D178: single | E178: 1 | F178: =IF(AND(ISNA(VLOOKUP(D178,A:A,1,FALSE())),ISNA(VLOOKUP(D178,BaseType!A:A,1,FALSE())),D178<>"Struct"),"N","Y") -> Y | G178: CAN矩阵输入信号: 描述:Longitudinal acceleration signal Sensor accuracy：0.0027680342857143 g 信号值:
C179: Fusa_ACU_3_LongitudinalAccelerationVD | D179: uint8 | E179: 1 | F179: =IF(AND(ISNA(VLOOKUP(D179,A:A,1,FALSE())),ISNA(VLOOKUP(D179,BaseType!A:A,1,FALSE())),D179<>"Struct"),"N","Y") -> Y | G179: CAN矩阵输入信号: 描述:If hasn’t been calibrated, after initialization, this signal ‘s value is always10(invalid) 信号值: 0x0:Valid 0x1:Reserved 0x2:Invalid 0x3:Initialize
C180: Fusa_ACU_3_CrashOutputSts | D180: uint8 | E180: 1 | F180: =IF(AND(ISNA(VLOOKUP(D180,A:A,1,FALSE())),ISNA(VLOOKUP(D180,BaseType!A:A,1,FALSE())),D180<>"Struct"),"N","Y") -> Y | G180: CAN矩阵输入信号: 描述:Crash signal indicates the status according to bit: If multiple directions collide at the same time, each collision flag bit representing each direction will be set to 1.For example, if left crash is superimposed with right crash, the output signal is 00001100 此信号发到ECU停止工作为止 信号值: 0x00:No crash 0x01:Belt Crash 0x02:Front Crash 0x04:Left Side Crash 0x08:Right Side Crash 0x10:Rear Crash 0x20:Roll Crash
C181: Fusa_EPB_1_ActrSt | D181: uint8 | E181: 1 | F181: =IF(AND(ISNA(VLOOKUP(D181,A:A,1,FALSE())),ISNA(VLOOKUP(D181,BaseType!A:A,1,FALSE())),D181<>"Struct"),"N","Y") -> Y | G181: CAN矩阵输入信号: 描述:Current state of APB actuator connected to ECU EPB卡钳执行状态 信号值: 0x0:Unknow 0x1:Applied 0x2:Released 0x3:Applying 0x4:Releasing 0x5:CompletelyReleased 0x6:Half Applied 0x7:Reserved
C182: Fusa_EPB_1_EPBAvlSt | D182: boolean | E182: 1 | F182: =IF(AND(ISNA(VLOOKUP(D182,A:A,1,FALSE())),ISNA(VLOOKUP(D182,BaseType!A:A,1,FALSE())),D182<>"Struct"),"N","Y") -> Y | G182: CAN矩阵输入信号: 描述:EPB可用状态 信号值: 0x0:Not Available 0x1:Available
C183: Fusa_EPB_1_FltLvl | D183: uint8 | E183: 1 | F183: =IF(AND(ISNA(VLOOKUP(D183,A:A,1,FALSE())),ISNA(VLOOKUP(D183,BaseType!A:A,1,FALSE())),D183<>"Struct"),"N","Y") -> Y | G183: CAN矩阵输入信号: 描述:EPB故障状态 信号值: 0x0:No fault 0x1:One caliper fault-L 0x2:One caliper fault-R 0x3:Two caliper fault
C184: Fusa_EPB_R_1_Flt_Lamp | D184: uint8 | E184: 1 | F184: =IF(AND(ISNA(VLOOKUP(D184,A:A,1,FALSE())),ISNA(VLOOKUP(D184,BaseType!A:A,1,FALSE())),D184<>"Struct"),"N","Y") -> Y | G184: CAN矩阵输入信号: 描述:EPB故障状态 诊断和转毂测试模式时闪烁 信号值: 0x0:Lamp OFF 0x1:Lamp ON 0x2:Lamp Flash 0x3:Reserved
... C252: Fusa_RLCR_1_SysSt | D252: uint8 | E252: 1 | F252: =IF(AND(ISNA(VLOOKUP(D252,A:A,1,FALSE())),ISNA(VLOOKUP(D252,BaseType!A:A,1,FALSE())),D252<>"Struct"),"N","Y") -> Y | G252: CAN矩阵输入信号: 描述: 信号值: 0x0:Off 0x1:On 0x2:Temporary Error 0x3:System Error
A253: Fusa_ErrID_BUS | B253: =IF(ISBLANK(A253),"",IF(AND(ISNA(VLOOKUP(A253,Interface_E01!E:E,1,FALSE())),ISNA(VLOOKUP(A253,D:D,1,FALSE()))),"N","Y")) -> Y | D253: Struct | F253: =IF(AND(ISNA(VLOOKUP(D253,A:A,1,FALSE())),ISNA(VLOOKUP(D253,BaseType!A:A,1,FALSE())),D253<>"Struct"),"N","Y") -> Y
C254: Fusa_SerDes_MAX96717_1 | D254: uint8 | E254: 1 | F254: =IF(AND(ISNA(VLOOKUP(D254,A:A,1,FALSE())),ISNA(VLOOKUP(D254,BaseType!A:A,1,FALSE())),D254<>"Struct"),"N","Y") -> Y | G254: MAX96717 #1 fusa fault BitMap: bit[0]->Fusa_I2C_UART_MSGCNTR_ERR_1 bit[1]->Fusa_I2C_UART_CRC_ERR_1 bit[2]->Fusa_MEM_ECC_ERR2_1 bit[3]->Fusa_MEM_ECC_ERR1_1 bit[4]->Fusa_REG_CRC_ERR_1 bit[5]->Fusa_POST_MBIST_ERR_1 bit[6]->Fusa_POST_LBIST_ERR_1 bit[7]->Fusa_Reserve
C255: Fusa_SerDes_MAX96717_2 | D255: uint8 | E255: 1 | F255: =IF(AND(ISNA(VLOOKUP(D255,A:A,1,FALSE())),ISNA(VLOOKUP(D255,BaseType!A:A,1,FALSE())),D255<>"Struct"),"N","Y") -> Y | G255: MAX96717 #2 fusa fault BitMap: bit[0]->Fusa_I2C_UART_MSGCNTR_ERR_2 bit[1]->Fusa_I2C_UART_CRC_ERR_2 bit[2]->Fusa_MEM_ECC_ERR2_2 bit[3]->Fusa_MEM_ECC_ERR1_2 bit[4]->Fusa_REG_CRC_ERR_2 bit[5]->Fusa_POST_MBIST_ERR_2 bit[6]->Fusa_POST_LBIST_ERR_2 bit[7]->Fusa_Reserve
C256: Fusa_SerDes_MAX96716 | D256: uint16 | E256: 1 | F256: =IF(AND(ISNA(VLOOKUP(D256,A:A,1,FALSE())),ISNA(VLOOKUP(D256,BaseType!A:A,1,FALSE())),D256<>"Struct"),"N","Y") -> Y | G256: MAX96716 fusa fault BitMap: bit[0]->Fusa_TUN_DATA_CRC_ERR bit[1]->Fusa_TUN_ECC_UNCORR_ERR bit[2]->Fusa_TUN_ECC_CORR_ERR bit[3]->Fusa_VID_OVERFLOW_ERR bit[4]->Fusa_FSYNC_ERR bit[5]->Fusa_LCRC_ERR bit[6]->Fusa_VPRBS_ERR bit[7]->Fusa_I2C_UART_MSGCNTR_ERR bit[8]->Fusa_I2C_UART_CRC_ERR bit[9]->Fusa_96716_MEM_ECC_ERR2 bit[10]->Fusa_96716_MEM_ECC_ERR1 bit[11]->Fusa_REG_CRC_ERR bit[12]->Fusa_POST_MBIST_ERR bit[13]->Fusa_POST_LBIST_ERR bit[14]->Fusa_WM_ERR bit[15]->Fusa_Reserve
C257: Fusa_SerDes_MAX96722 | D257: uint16 | E257: 1 | F257: =IF(AND(ISNA(VLOOKUP(D257,A:A,1,FALSE())),ISNA(VLOOKUP(D257,BaseType!A:A,1,FALSE())),D257<>"Struct"),"N","Y") -> Y | G257: MAX96722 fusa fault BitMap: bit[0]->Fusa_96722_MEM_ECC_ERR2 bit[1]->Fusa_96722_MEM_ECC_ERR1 bit[2]->Fusa_VID_PXL_CRC_ERR_D bit[3]->Fusa_VID_PXL_CRC_ERR_C bit[4]->Fusa_VID_PXL_CRC_ERR_B bit[5]->Fusa_VID_PXL_CRC_ERR_A bit[6]->Fusa_LFLT_INT bit[7]->Fusa_WM1_ERR bit[8]->Fusa_WM2_ERR bit[9]->Fusa_Reserve
C258: Fusa_Mcu_U2A16 | D258: uint8 | E258: 1 | F258: =IF(AND(ISNA(VLOOKUP(D258,A:A,1,FALSE())),ISNA(VLOOKUP(D258,BaseType!A:A,1,FALSE())),D258<>"Struct"),"N","Y") -> Y | G258: U2A16 fusa fault BitMap: bit[0]->Fusa_U2A16_BIST_ERR bit[1]->Fusa_J3_SPI_CRC_ERR bit[2]->Fusa_J3_SPI_RC_ERR bit[3]->Fusa_Reserve bit[4]->Fusa_Reserve bit[5]->Fusa_Reserve bit[6]->Fusa_Reserve bit[7]->Fusa_Reserve
C259: Fusa_Sbc_TLF35584 | D259: uint8 | E259: 1 | F259: =IF(AND(ISNA(VLOOKUP(D259,A:A,1,FALSE())),ISNA(VLOOKUP(D259,BaseType!A:A,1,FALSE())),D259<>"Struct"),"N","Y") -> Y | G259: TLF35584 fusa fault BitMap: bit[0]->Fusa_TLF35584_BIST_ERR bit[1]->Fusa_Reserve bit[2]->Fusa_Reserve bit[3]->Fusa_Reserve bit[4]->Fusa_Reserve bit[5]->Fusa_Reserve bit[6]->Fusa_Reserve bit[7]->Fusa_Reserve
C260: Fusa_Cam_1_Module | D260: uint32 | E260: 1 | F260: =IF(AND(ISNA(VLOOKUP(D260,A:A,1,FALSE())),ISNA(VLOOKUP(D260,BaseType!A:A,1,FALSE())),D260<>"Struct"),"N","Y") -> Y | G260: 0X8B40 fusa fault BitMap: bit[0]->Fusa_Cam_online_pixel bit[1]->Fusa_Cam_row_checker_analog bit[2]->Fusa_Cam_ID_checker_col bit[3]->Fusa_Cam_ID_checker_row bit[4]->Fusa_Cam_SCCB_CRC bit[5]->Fusa_Cam_Frame_counter bit[6]->Fusa_Cam_row_checker_digital bit[7]->Fusa_Cam_BLC_checker bit[8]->Fusa_Cam_PLL_CLK_mon bit[9]->Fusa_Cam_PLL_CLK bit[10]->Fusa_Cam_PEC bit[11]->Fusa_Cam_output_FIFO_CRC bit[12]->Fusa_Cam_SRAM_CRC bit[13]->Fusa_Cam_Sensor_voltage bit[14]->Fusa_Cam_internal_register_readback bit[15]->Fusa_Cam_SI_default_register_check bit[16]->Fusa_Cam_ROM CRC bit[17]->Fusa_Cam_SRAM_BIST bit[18]->Fusa_Cam_SM_test bit[19]->Fusa_Cam_temperature bit[20]->Fusa_Reserve bit[21]->Fusa_Reserve bit[22]->Fusa_Reserve
C261: Fusa_Cam_1_Ser | D261: uint32 | E261: 1 | F261: =IF(AND(ISNA(VLOOKUP(D261,A:A,1,FALSE())),ISNA(VLOOKUP(D261,BaseType!A:A,1,FALSE())),D261<>"Struct"),"N","Y") -> Y | G261: MAX96717 fusa fault BitMap: bit[0]->Fusa_Cam_Ser_OV_UV bit[1]->Fusa_Cam_Ser_I2C bit[2]->Fusa_Cam_Ser_FIFO_Overflow bit[3]->Fusa_Cam_Ser_LBIST bit[4]->Fusa_Cam_Ser_MBIST bit[5]->Fusa_Cam_Ser_ADC_BIST bit[6]->Fusa_Cam_Ser_CFG_CRC bit[7]->Fusa_Cam_PMIC
C262: Fusa_J3_Err1 | D262: uint32 | E262: 1 | F262: =IF(AND(ISNA(VLOOKUP(D262,A:A,1,FALSE())),ISNA(VLOOKUP(D262,BaseType!A:A,1,FALSE())),D262<>"Struct"),"N","Y") -> Y | G262: J3 fusa fault BitMap: bit[0]->Fusa_kernel_i2c_ctrl0 bit[1]->Fusa_kernel_mipi_host1 bit[2]->Fusa_kernel_ipu bit[3]->Fusa_kernel_isp_drop bit[4]->Fusa_kernel_pym bit[5]->Fusa_kernel_sif0 bit[6]->Fusa_kernel_bpu0Fusa_kernel_bpu0 bit[7]->Fusa_kernel_bpu1 bit[8]->Fusa_kernel_ethernet bit[9]->Fusa_kernel_spi2 bit[10]->Fusa_kernel_emmc bit[11]->Fusa_kernel_cpu_cal_err bit[12]->Fusa_kernel_mpu_vio_m0_err bit[13]->Fusa_kernel_mpu_vio_m1_err bit[14]->Fusa_camera_init_0 bit[15]->Fusa_camera_init_4 bit[16]->Fusa_sensor_temperature_0 bit[17]->Fusa_sensor_temperature_4 bit[18]->Fusa_sensor_system_check_0 bit[19]->Fusa_sensor_system_check_4 bit[20]->Fusa_sensor_fcnt_test_0 bit[21]->Fusa_sensor_fcnt_test_4 bit[22]->Fusa_sensor_i2c_crc_0 bit[23]->Fusa_sensor_i2c_crc_4 bit[24]->Fusa_adas_0_diagnose_image_input bit[25]->Fusa_adas_0_diagnose_image_order bit[26]->Fusa_adas_0_diagnose_image_freezed bit[27]->Fusa_adas_0_diagnose_image_covered bit[28]->Fusa_adas_0_diagnose_image_blurred bit[29]->Fusa_adas_0_diagnose_image_glare bit[30]->Fusa_adas_0_diagnose_heavy_rain bit[31]->Fusa_adas_0_diagnose_snow
C263: Fusa_J3_Err2 | D263: uint32 | E263: 1 | F263: =IF(AND(ISNA(VLOOKUP(D263,A:A,1,FALSE())),ISNA(VLOOKUP(D263,BaseType!A:A,1,FALSE())),D263<>"Struct"),"N","Y") -> Y | G263: J3 fusa fault 2 BitMap: bit[0]->Fusa_adas_0_diagnose_online_calibration_roll bit[1]->Fusa_adas_0_diagnose_online_calibration_yaw bit[2]->Fusa_adas_0_diagnose_online_calibration_pitch bit[3]->Fusa_qa_btwn_acore_check_timeout bit[4]->Fusa_qa_btwn_acore_check bit[5]->Fusa_nvm_crc_check bit[6]->Fusa_soc_temperature_check_timeout bit[7]->Fusa_soc_temperature_check bit[8]->Fusa_ddr_dataline_check_timeout bit[9]->Fusa_ddr_dataline_check bit[10]->Fusa_REPORT_ODOM_RES_RESET bit[11]->Fusa_REPORT_ODOM_TIMEOUT bit[12]->Fusa_REPORT_ODOM_OUTOFRANGE bit[13]->Fusa_REPORT_ODOM_ABNORMAL_OBJECT_RESET bit[14]->Fusa_REPORT_CAN_SINGAL_YAWRATE_TIMEOUT bit[15]->Fusa_REPORT_CAN_SINGAL_SPEED_TIMEOUT bit[16]->Fusa_REPORT_CAN_SINGAL_YAWRATE_OUTOFRANGE bit[17]->Fusa_REPORT_CAN_SINGAL_SPEED_OUTOFRANGE bit[18]->Fusa_adas_0_diagnose_forward_timeout bit[19]->Fusa_adas_0_diagnose_forward_block bit[20]->Fusa_adas_0_diagnose_config bit[21]->Fusa_adas_0_diagnose_bpu_task_timeout bit[22]->Fusa_adas_0_diagnose_bpu_task_abondon bit[23]->Fusa_adas_0_diagnose_bpu_task_fail bit[24]->Fusa_adas_0_diagnose_forward_order_error bit[25]->Fusa_adas_0_diagnose_abnormal_detection_result bit[26]->Fusa_adas_0_diagnose_abnormal_parsing_result bit[27]->Fusa_ADAS_0_DIAGNOSE_CAMERA_CONFIG_INVALID bit[28]->Fusa_ADAS_0_DIAGNOSE_CAMERA_SNS_INFO bit[29]->Fusa_ADAS_0_DIAGNOSE_AE_INFO bit[30]->Fusa_FrontObjectModuleFault
C264: Fusa_J3_Err3 | D264: uint32 | E264: 1 | F264: =IF(AND(ISNA(VLOOKUP(D264,A:A,1,FALSE())),ISNA(VLOOKUP(D264,BaseType!A:A,1,FALSE())),D264<>"Struct"),"N","Y") -> Y | G264: reserved
A265: SomeIP_HMI_ADASSetting_BUS | B265: =IF(ISBLANK(A265),"",IF(AND(ISNA(VLOOKUP(A265,Interface_E01!E:E,1,FALSE())),ISNA(VLOOKUP(A265,D:D,1,FALSE()))),"N","Y")) -> Y | D265: Struct | F265: =IF(AND(ISNA(VLOOKUP(D265,A:A,1,FALSE())),ISNA(VLOOKUP(D265,BaseType!A:A,1,FALSE())),D265<>"Struct"),"N","Y") -> Y
C266: ADASSettingInfo | D266: SomeIP_ADASSetting_BUS | E266: 1 | F266: =IF(AND(ISNA(VLOOKUP(D266,A:A,1,FALSE())),ISNA(VLOOKUP(D266,BaseType!A:A,1,FALSE())),D266<>"Struct"),"N","Y") -> Y | G266: 座舱ADAS设置项信息
C267: ADASSettingInfo_2 | D267: SomeIP_ADASSetting_2_BUS | E267: 1 | F267: =IF(AND(ISNA(VLOOKUP(D267,A:A,1,FALSE())),ISNA(VLOOKUP(D267,BaseType!A:A,1,FALSE())),D267<>"Struct"),"N","Y") -> Y | G267: 座舱ADAS设置项信息
A268: SomeIP_ADASSetting_BUS | B268: =IF(ISBLANK(A268),"",IF(AND(ISNA(VLOOKUP(A268,Interface_E01!E:E,1,FALSE())),ISNA(VLOOKUP(A268,D:D,1,FALSE()))),"N","Y")) -> Y | D268: Struct | F268: =IF(AND(ISNA(VLOOKUP(D268,A:A,1,FALSE())),ISNA(VLOOKUP(D268,BaseType!A:A,1,FALSE())),D268<>"Struct"),"N","Y") -> Y
B269: =IF(ISBLANK(A269),"",IF(AND(ISNA(VLOOKUP(A269,Interface_E01!E:E,1,FALSE())),ISNA(VLOOKUP(A269,D:D,1,FALSE()))),"N","Y")) | C269: ICAEnableBtnSts | D269: uint8 | E269: 1 | F269: =IF(AND(ISNA(VLOOKUP(D269,A:A,1,FALSE())),ISNA(VLOOKUP(D269,BaseType!A:A,1,FALSE())),D269<>"Struct"),"N","Y") -> Y | G269: ICA功能使能开关 0x0:None 0x1:ON 0x2:Off 0x3: reserved
B270: =IF(ISBLANK(A270),"",IF(AND(ISNA(VLOOKUP(A270,Interface_E01!E:E,1,FALSE())),ISNA(VLOOKUP(A270,D:D,1,FALSE()))),"N","Y")) | C270: FSRASpdSetMod | D270: uint8 | E270: 1 | F270: =IF(AND(ISNA(VLOOKUP(D270,A:A,1,FALSE())),ISNA(VLOOKUP(D270,BaseType!A:A,1,FALSE())),D270<>"Struct"),"N","Y") -> Y | G270: 巡航速度调整方式设置（无开关） 0x0:Mode1-短按+5 0x1: Mode2-短按+1
B271: =IF(ISBLANK(A271),"",IF(AND(ISNA(VLOOKUP(A271,Interface_E01!E:E,1,FALSE())),ISNA(VLOOKUP(A271,D:D,1,FALSE()))),"N","Y")) | C271: FSRACruiseSpdMod | D271: uint8 | E271: 1 | F271: =IF(AND(ISNA(VLOOKUP(D271,A:A,1,FALSE())),ISNA(VLOOKUP(D271,BaseType!A:A,1,FALSE())),D271<>"Struct"),"N","Y") -> Y | G271: 设定巡航车速模式 0x0:None 0x1:Current speed mode 0x2: ISLI mode 0x3: reserved
B272: =IF(ISBLANK(A272),"",IF(AND(ISNA(VLOOKUP(A272,Interface_E01!E:E,1,FALSE())),ISNA(VLOOKUP(A272,D:D,1,FALSE()))),"N","Y")) | C272: FSRACruiseSpdOffsetMod | D272: uint8 | E272: 1 | F272: =IF(AND(ISNA(VLOOKUP(D272,A:A,1,FALSE())),ISNA(VLOOKUP(D272,BaseType!A:A,1,FALSE())),D272<>"Struct"),"N","Y") -> Y | G272: 设定偏移方式 0x0:fixed 0x1: percent
B273: =IF(ISBLANK(A273),"",IF(AND(ISNA(VLOOKUP(A273,Interface_E01!E:E,1,FALSE())),ISNA(VLOOKUP(A273,D:D,1,FALSE()))),"N","Y")) | C273: FSRACruiseSpdOffsetSpd | D273: int8 | E273: 1 | F273: =IF(AND(ISNA(VLOOKUP(D273,A:A,1,FALSE())),ISNA(VLOOKUP(D273,BaseType!A:A,1,FALSE())),D273<>"Struct"),"N","Y") -> Y | G273: 固定偏移速度 -10~10kph (res:1kph)
B274: =IF(ISBLANK(A274),"",IF(AND(ISNA(VLOOKUP(A274,Interface_E01!E:E,1,FALSE())),ISNA(VLOOKUP(A274,D:D,1,FALSE()))),"N","Y")) | C274: FSRACruiseSpdOffsetPercent | D274: int8 | E274: 1 | F274: =IF(AND(ISNA(VLOOKUP(D274,A:A,1,FALSE())),ISNA(VLOOKUP(D274,BaseType!A:A,1,FALSE())),D274<>"Struct"),"N","Y") -> Y | G274: 百分比偏移速度 -20%~20%(res:1%)
B275: =IF(ISBLANK(A275),"",IF(AND(ISNA(VLOOKUP(A275,Interface_E01!E:E,1,FALSE())),ISNA(VLOOKUP(A275,D:D,1,FALSE()))),"N","Y")) | C275: ISLIWarnMod | D275: uint8 | E275: 1 | F275: =IF(AND(ISNA(VLOOKUP(D275,A:A,1,FALSE())),ISNA(VLOOKUP(D275,BaseType!A:A,1,FALSE())),D275<>"Struct"),"N","Y") -> Y | G275: 智能限速提醒方式 0x0: None 0x1: Display warning; 0x2: Sound+display warning 0x3: Off
B276: =IF(ISBLANK(A276),"",IF(AND(ISNA(VLOOKUP(A276,Interface_E01!E:E,1,FALSE())),ISNA(VLOOKUP(A276,D:D,1,FALSE()))),"N","Y")) | C276: ISLISpdOffsetMod | D276: uint8 | E276: 1 | F276: =IF(AND(ISNA(VLOOKUP(D276,A:A,1,FALSE())),ISNA(VLOOKUP(D276,BaseType!A:A,1,FALSE())),D276<>"Struct"),"N","Y") -> Y | G276: 限速设置方式（预留） 0x0:None 0x1:relative limit 0x2: abs limit 0x3: reserved
B277: =IF(ISBLANK(A277),"",IF(AND(ISNA(VLOOKUP(A277,Interface_E01!E:E,1,FALSE())),ISNA(VLOOKUP(A277,D:D,1,FALSE()))),"N","Y")) | C277: ISLICruiseSpdRelOffset | D277: int8 | E277: 1 | F277: =IF(AND(ISNA(VLOOKUP(D277,A:A,1,FALSE())),ISNA(VLOOKUP(D277,BaseType!A:A,1,FALSE())),D277<>"Struct"),"N","Y") -> Y | G277: 相对限制值（预留） -20%~20%(res:1%)
B278: =IF(ISBLANK(A278),"",IF(AND(ISNA(VLOOKUP(A278,Interface_E01!E:E,1,FALSE())),ISNA(VLOOKUP(A278,D:D,1,FALSE()))),"N","Y")) | C278: ISLICruiseSpdAbdOffset | D278: uint8 | E278: 1 | F278: =IF(AND(ISNA(VLOOKUP(D278,A:A,1,FALSE())),ISNA(VLOOKUP(D278,BaseType!A:A,1,FALSE())),D278<>"Struct"),"N","Y") -> Y | G278: 绝对限制值（预留） 40~140kph(res: 1kph)
B279: =IF(ISBLANK(A279),"",IF(AND(ISNA(VLOOKUP(A279,Interface_E01!E:E,1,FALSE())),ISNA(VLOOKUP(A279,D:D,1,FALSE()))),"N","Y")) | C279: FCWWarnDistance | D279: uint8 | E279: 1 | F279: =IF(AND(ISNA(VLOOKUP(D279,A:A,1,FALSE())),ISNA(VLOOKUP(D279,BaseType!A:A,1,FALSE())),D279<>"Struct"),"N","Y") -> Y | G279: FCW报警距离限制 0x0:None 0x1:Close 0x2:Far 0x3:Normal
B280: =IF(ISBLANK(A280),"",IF(AND(ISNA(VLOOKUP(A280,Interface_E01!E:E,1,FALSE())),ISNA(VLOOKUP(A280,D:D,1,FALSE()))),"N","Y")) | C280: FCWSettingSt | D280: uint8 | E280: 1 | F280: =IF(AND(ISNA(VLOOKUP(D280,A:A,1,FALSE())),ISNA(VLOOKUP(D280,BaseType!A:A,1,FALSE())),D280<>"Struct"),"N","Y") -> Y | G280: FCW功能设置状态 0x0:None 0x1:ON 0x2:Off 0x3: reserved
... B303: =IF(ISBLANK(A303),"",IF(AND(ISNA(VLOOKUP(A303,Interface_E01!E:E,1,FALSE())),ISNA(VLOOKUP(A303,D:D,1,FALSE()))),"N","Y")) | C303: NRASettingSt | D303: uint8 | E303: 1 | F303: =IF(AND(ISNA(VLOOKUP(D303,A:A,1,FALSE())),ISNA(VLOOKUP(D303,BaseType!A:A,1,FALSE())),D303<>"Struct"),"N","Y") -> Y | G303: 窄路辅助操作指令 0x0:None 0x1:ON 0x2:Off 0x3: reserved
A304: SomeIP_ADASSetting_2_BUS | B304: =IF(ISBLANK(A304),"",IF(AND(ISNA(VLOOKUP(A304,Interface_E01!E:E,1,FALSE())),ISNA(VLOOKUP(A304,D:D,1,FALSE()))),"N","Y")) -> Y | D304: Struct | F304: =IF(AND(ISNA(VLOOKUP(D304,A:A,1,FALSE())),ISNA(VLOOKUP(D304,BaseType!A:A,1,FALSE())),D304<>"Struct"),"N","Y") -> Y
B305: =IF(ISBLANK(A305),"",IF(AND(ISNA(VLOOKUP(A305,Interface_E01!E:E,1,FALSE())),ISNA(VLOOKUP(A305,D:D,1,FALSE()))),"N","Y")) | C305: ICAEnableBtnSts | D305: uint8 | E305: 1 | F305: =IF(AND(ISNA(VLOOKUP(D305,A:A,1,FALSE())),ISNA(VLOOKUP(D305,BaseType!A:A,1,FALSE())),D305<>"Struct"),"N","Y") -> Y | G305: ICA功能使能开关 0x0:None 0x1:ON 0x2:Off 0x3: reserved
C306: FSRASpdSetMod | D306: uint8 | E306: 1 | F306: =IF(AND(ISNA(VLOOKUP(D306,A:A,1,FALSE())),ISNA(VLOOKUP(D306,BaseType!A:A,1,FALSE())),D306<>"Struct"),"N","Y") -> Y | G306: 巡航速度调整方式设置（无开关） 0x0:Mode1-短按+5 0x1: Mode2-短按+1
C307: FSRACruiseSpdMod | D307: uint8 | E307: 1 | F307: =IF(AND(ISNA(VLOOKUP(D307,A:A,1,FALSE())),ISNA(VLOOKUP(D307,BaseType!A:A,1,FALSE())),D307<>"Struct"),"N","Y") -> Y | G307: 设定巡航车速模式 0x0:None 0x1:Current speed mode 0x2: ISLI mode 0x3: reserved
C308: FSRACruiseSpdOffsetMod | D308: uint8 | E308: 1 | F308: =IF(AND(ISNA(VLOOKUP(D308,A:A,1,FALSE())),ISNA(VLOOKUP(D308,BaseType!A:A,1,FALSE())),D308<>"Struct"),"N","Y") -> Y | G308: 设定偏移方式 0x0:fixed 0x1: percent
C309: FSRACruiseSpdOffsetSpd | D309: int8 | E309: 1 | F309: =IF(AND(ISNA(VLOOKUP(D309,A:A,1,FALSE())),ISNA(VLOOKUP(D309,BaseType!A:A,1,FALSE())),D309<>"Struct"),"N","Y") -> Y | G309: 固定偏移速度 -10~10kph (res:1kph)
C310: FSRACruiseSpdOffsetPercent | D310: int8 | E310: 1 | F310: =IF(AND(ISNA(VLOOKUP(D310,A:A,1,FALSE())),ISNA(VLOOKUP(D310,BaseType!A:A,1,FALSE())),D310<>"Struct"),"N","Y") -> Y | G310: 百分比偏移速度 -20%~20%(res:1%)
C311: ISLIWarnMod | D311: uint8 | E311: 1 | F311: =IF(AND(ISNA(VLOOKUP(D311,A:A,1,FALSE())),ISNA(VLOOKUP(D311,BaseType!A:A,1,FALSE())),D311<>"Struct"),"N","Y") -> Y | G311: 智能限速提醒方式 0x0: None 0x1: Display warning; 0x2: Sound+display warning 0x3: Off
C312: ISLISpdOffsetMod | D312: uint8 | E312: 1 | F312: =IF(AND(ISNA(VLOOKUP(D312,A:A,1,FALSE())),ISNA(VLOOKUP(D312,BaseType!A:A,1,FALSE())),D312<>"Struct"),"N","Y") -> Y | G312: 限速设置方式（预留） 0x0:None 0x1:relative limit 0x2: abs limit 0x3: reserved
C313: ISLICruiseSpdRelOffset | D313: int8 | E313: 1 | F313: =IF(AND(ISNA(VLOOKUP(D313,A:A,1,FALSE())),ISNA(VLOOKUP(D313,BaseType!A:A,1,FALSE())),D313<>"Struct"),"N","Y") -> Y | G313: 相对限制值（预留） -20%~20%(res:1%)
C314: ISLICruiseSpdAbdOffset | D314: uint8 | E314: 1 | F314: =IF(AND(ISNA(VLOOKUP(D314,A:A,1,FALSE())),ISNA(VLOOKUP(D314,BaseType!A:A,1,FALSE())),D314<>"Struct"),"N","Y") -> Y | G314: 绝对限制值（预留） 40~140kph(res: 1kph)
C315: FCWWarnDistance | D315: uint8 | E315: 1 | F315: =IF(AND(ISNA(VLOOKUP(D315,A:A,1,FALSE())),ISNA(VLOOKUP(D315,BaseType!A:A,1,FALSE())),D315<>"Struct"),"N","Y") -> Y | G315: FCW报警距离限制 0x0:None 0x1:Close 0x2:Far 0x3:Normal
C316: FCWSettingSt | D316: uint8 | E316: 1 | F316: =IF(AND(ISNA(VLOOKUP(D316,A:A,1,FALSE())),ISNA(VLOOKUP(D316,BaseType!A:A,1,FALSE())),D316<>"Struct"),"N","Y") -> Y | G316: FCW功能设置状态 0x0:None 0x1:ON 0x2:Off 0x3: reserved
C317: AEBSettingSt | D317: uint8 | E317: 1 | F317: =IF(AND(ISNA(VLOOKUP(D317,A:A,1,FALSE())),ISNA(VLOOKUP(D317,BaseType!A:A,1,FALSE())),D317<>"Struct"),"N","Y") -> Y | G317: AEB功能设置状态 0x0:None 0x1:ON 0x2:Off 0x3: reserved
... C354: MNPMemRouteCompleteBtnSt | D354: uint8 | E354: 1 | F354: =IF(AND(ISNA(VLOOKUP(D354,A:A,1,FALSE())),ISNA(VLOOKUP(D354,BaseType!A:A,1,FALSE())),D354<>"Struct"),"N","Y") -> Y | G354: 路线记忆结束按钮0x0：None 0x1：NO 0x2：YES
C355: MNPMemRouteNewName | D355: uint8 | E355: 1 | F355: =IF(AND(ISNA(VLOOKUP(D355,A:A,1,FALSE())),ISNA(VLOOKUP(D355,BaseType!A:A,1,FALSE())),D355<>"Struct"),"N","Y") -> Y
C356: MNPDelRouteIDBtnSt | D356: uint8 | E356: 1 | F356: =IF(AND(ISNA(VLOOKUP(D356,A:A,1,FALSE())),ISNA(VLOOKUP(D356,BaseType!A:A,1,FALSE())),D356<>"Struct"),"N","Y") -> Y | G356: 删除的记忆路线ID
C357: MNPUseRouteIDBtnSt | D357: uint8 | E357: 1 | F357: =IF(AND(ISNA(VLOOKUP(D357,A:A,1,FALSE())),ISNA(VLOOKUP(D357,BaseType!A:A,1,FALSE())),D357<>"Struct"),"N","Y") -> Y | G357: 选中使用的记忆路线ID
C358: ADASSettingInfoReserved | D358: uint8 | E358: 50 | F358: =IF(AND(ISNA(VLOOKUP(D358,A:A,1,FALSE())),ISNA(VLOOKUP(D358,BaseType!A:A,1,FALSE())),D358<>"Struct"),"N","Y") -> Y
A359: SomeIP_FCM_DrivingHmiEnv_BUS | B359: =IF(ISBLANK(A359),"",IF(AND(ISNA(VLOOKUP(A359,Interface_E01!E:E,1,FALSE())),ISNA(VLOOKUP(A359,D:D,1,FALSE()))),"N","Y")) -> Y | D359: Struct | F359: =IF(AND(ISNA(VLOOKUP(D359,A:A,1,FALSE())),ISNA(VLOOKUP(D359,BaseType!A:A,1,FALSE())),D359<>"Struct"),"N","Y") -> Y
C360: DynamicObjectList | D360: SomeIP_DynamicObject_BUS | E360: 10 | F360: =IF(AND(ISNA(VLOOKUP(D360,A:A,1,FALSE())),ISNA(VLOOKUP(D360,BaseType!A:A,1,FALSE())),D360<>"Struct"),"N","Y") -> Y | G360: 动态目标信息
C361: StaticObjectList | D361: SomeIP_StaticObjects_BUS | E361: 10 | F361: =IF(AND(ISNA(VLOOKUP(D361,A:A,1,FALSE())),ISNA(VLOOKUP(D361,BaseType!A:A,1,FALSE())),D361<>"Struct"),"N","Y") -> Y | G361: 静态目标信息
C362: LaneLineList_2 | D362: SomeIP_LaneLine_2_BUS | E362: 8 | F362: =IF(AND(ISNA(VLOOKUP(D362,A:A,1,FALSE())),ISNA(VLOOKUP(D362,BaseType!A:A,1,FALSE())),D362<>"Struct"),"N","Y") -> Y | G362: 车道线信息
C363: EgoFusionPose | D363: Someip_EgoFusionPose_BUS | E363: 1 | F363: =IF(AND(ISNA(VLOOKUP(D363,A:A,1,FALSE())),ISNA(VLOOKUP(D363,BaseType!A:A,1,FALSE())),D363<>"Struct"),"N","Y") -> Y | G363: 自车位姿信息
A364: SomeIP_DynamicObject_BUS | B364: =IF(ISBLANK(A364),"",IF(AND(ISNA(VLOOKUP(A364,Interface_E01!E:E,1,FALSE())),ISNA(VLOOKUP(A364,D:D,1,FALSE()))),"N","Y")) -> Y | D364: Struct | F364: =IF(AND(ISNA(VLOOKUP(D364,A:A,1,FALSE())),ISNA(VLOOKUP(D364,BaseType!A:A,1,FALSE())),D364<>"Struct"),"N","Y") -> Y
C365: objectId | D365: uint8 | E365: 1 | F365: =IF(AND(ISNA(VLOOKUP(D365,A:A,1,FALSE())),ISNA(VLOOKUP(D365,BaseType!A:A,1,FALSE())),D365<>"Struct"),"N","Y") -> Y | G365: 目标id，ID为0时，表征目标物无效，ICC不需要处理此目标
C366: objectType | D366: uint8 | E366: 1 | F366: =IF(AND(ISNA(VLOOKUP(D366,A:A,1,FALSE())),ISNA(VLOOKUP(D366,BaseType!A:A,1,FALSE())),D366<>"Struct"),"N","Y") -> Y | G366: 道路使用者类型 0x0:Unknow（未知） 0x1:Pedestrian（行人） 0x2:Cyclist（骑自行车的人） 0x3:Car（汽车） 0x4:Truck（卡车） 0x5: Bus(公共汽车） 0x6: Motorcycle（摩托车） 0x7: Bicycle（自行车） 0x8: SUV 0x9: large truck (大型货车) 0xA: Tricycle (三轮车） 0xB: Special operation vehicle 0xC: Other vehicle 0xD: Motorcyclist 0xE: Electric bicycle （载人电动自行车，预留） 0xF: No rider electric bicycle （非载人电动自行车，预留） 0x10: No rider motorcycle （非载人摩托车） 0x11: No rider tricycle (非载人三轮车） 0x12: Irregular car（异型车） 0x13: Large animals（静止大中型动物） 0x14: Small animals（静止小型动物） 0x15: Dynamic large animals（动态大中型动物） 0x16: Dynamic small animals（动态小型动物） 0x17: Dynamic pedestrian（动态行人） 0x18: No rider bicycle (非载人自行车） 0x19: small truck(小货车) 0x1A-0xFE: Reserved
C367: lightStatus | D367: uint8 | E367: 1 | F367: =IF(AND(ISNA(VLOOKUP(D367,A:A,1,FALSE())),ISNA(VLOOKUP(D367,BaseType!A:A,1,FALSE())),D367<>"Struct"),"N","Y") -> Y | G367: 目标灯光状态 0x0:Na（无） 0x1:Turnleft（左转） 0x2:Turnright（右转） 0x3:DoubleFlash（双闪） 0x4:Brake（刹车） 0x5: Reverse(倒车灯）
C368: objectPoseX | D368: single | E368: 1 | F368: =IF(AND(ISNA(VLOOKUP(D368,A:A,1,FALSE())),ISNA(VLOOKUP(D368,BaseType!A:A,1,FALSE())),D368<>"Struct"),"N","Y") -> Y | G368: 目标位置X坐标
C369: objectPoseY | D369: single | E369: 1 | F369: =IF(AND(ISNA(VLOOKUP(D369,A:A,1,FALSE())),ISNA(VLOOKUP(D369,BaseType!A:A,1,FALSE())),D369<>"Struct"),"N","Y") -> Y | G369: 目标位置Y坐标
C370: objectYaw | D370: single | E370: 1 | F370: =IF(AND(ISNA(VLOOKUP(D370,A:A,1,FALSE())),ISNA(VLOOKUP(D370,BaseType!A:A,1,FALSE())),D370<>"Struct"),"N","Y") -> Y | G370: 目标位姿
C371: objectColor | D371: uint8 | E371: 1 | F371: =IF(AND(ISNA(VLOOKUP(D371,A:A,1,FALSE())),ISNA(VLOOKUP(D371,BaseType!A:A,1,FALSE())),D371<>"Struct"),"N","Y") -> Y | G371: 高亮显示 0x0: None 0x1: Grey 0x2: Green 0x3: Yellow 0x4: Red 0x5: Darkgrey
C372: objectVelocityX | D372: single | E372: 1 | F372: =IF(AND(ISNA(VLOOKUP(D372,A:A,1,FALSE())),ISNA(VLOOKUP(D372,BaseType!A:A,1,FALSE())),D372<>"Struct"),"N","Y") -> Y | G372: 目标X向速度
C373: objectVelocityY | D373: single | E373: 1 | F373: =IF(AND(ISNA(VLOOKUP(D373,A:A,1,FALSE())),ISNA(VLOOKUP(D373,BaseType!A:A,1,FALSE())),D373<>"Struct"),"N","Y") -> Y | G373: 目标Y向速度
C374: timestampnSec | D374: uint64 | E374: 1 | F374: =IF(AND(ISNA(VLOOKUP(D374,A:A,1,FALSE())),ISNA(VLOOKUP(D374,BaseType!A:A,1,FALSE())),D374<>"Struct"),"N","Y") -> Y | G374: 时间戳-纳秒
C375: laneID | D375: int8 | E375: 1 | F375: =IF(AND(ISNA(VLOOKUP(D375,A:A,1,FALSE())),ISNA(VLOOKUP(D375,BaseType!A:A,1,FALSE())),D375<>"Struct"),"N","Y") -> Y | G375: 目标所属车道ID 0代表自车道，1代表右侧相临车道，-1代表左侧相邻车道，依次类推
A376: SomeIP_StaticObjects_BUS | B376: =IF(ISBLANK(A376),"",IF(AND(ISNA(VLOOKUP(A376,Interface_E01!E:E,1,FALSE())),ISNA(VLOOKUP(A376,D:D,1,FALSE()))),"N","Y")) -> Y | D376: Struct | F376: =IF(AND(ISNA(VLOOKUP(D376,A:A,1,FALSE())),ISNA(VLOOKUP(D376,BaseType!A:A,1,FALSE())),D376<>"Struct"),"N","Y") -> Y
C377: objectId | D377: uint8 | E377: 1 | F377: =IF(AND(ISNA(VLOOKUP(D377,A:A,1,FALSE())),ISNA(VLOOKUP(D377,BaseType!A:A,1,FALSE())),D377<>"Struct"),"N","Y") -> Y | G377: 目标id
C378: objectType | D378: uint8 | E378: 1 | F378: =IF(AND(ISNA(VLOOKUP(D378,A:A,1,FALSE())),ISNA(VLOOKUP(D378,BaseType!A:A,1,FALSE())),D378<>"Struct"),"N","Y") -> Y | G378: 目标类型 值含义:根据需求增加 0x0:Unknow 0x1:锥桶 0x2:水马 0x3:三角牌 0x4:停车杆 0x5:减速带 0x6:地锁 0x7:方柱 0x8:圆柱 0x9:杆Pole
C379: objectPoseX | D379: single | E379: 1 | F379: =IF(AND(ISNA(VLOOKUP(D379,A:A,1,FALSE())),ISNA(VLOOKUP(D379,BaseType!A:A,1,FALSE())),D379<>"Struct"),"N","Y") -> Y | G379: 目标位置X坐标
C380: objectPoseY | D380: single | E380: 1 | F380: =IF(AND(ISNA(VLOOKUP(D380,A:A,1,FALSE())),ISNA(VLOOKUP(D380,BaseType!A:A,1,FALSE())),D380<>"Struct"),"N","Y") -> Y | G380: 目标位置Y坐标
C381: objectYaw | D381: single | E381: 1 | F381: =IF(AND(ISNA(VLOOKUP(D381,A:A,1,FALSE())),ISNA(VLOOKUP(D381,BaseType!A:A,1,FALSE())),D381<>"Struct"),"N","Y") -> Y | G381: 目标位姿
...

Sheet BaseType
A1: Data Type Name
A2: uint8
A3: uint16
A4: uint32
A5: uint64
A6: int8
A7: int16
A8: int32
A9: int64
A10: single
A11: double
A12: boolean

Sheet InternalBehavior
A1: SWCName | B1: Runnable | C1: EventType | D1: TimingPeriod(s) | E1: Target | F1: Port
A2: autosar_swc_vme | B2: autosar_swc_vme_Step | C2: TimingEvent | D2: 0.02
A3: autosar_swc_vme | B3: autosar_swc_vme_Init | C3: InitEvent
A4: autosar_swc_rlgs | B4: autosar_swc_rlgs_Step | C4: TimingEvent | D4: 0.04
A5: autosar_swc_rlgs | B5: autosar_swc_rlgs_Init | C5: InitEvent
A6: autosar_swc_tos | B6: autosar_swc_tos_Step | C6: TimingEvent | D6: 0.04
A7: autosar_swc_tos | B7: autosar_swc_tos_Init | C7: InitEvent
A8: autosar_swc_vmp | B8: autosar_swc_vmp_Step | C8: TimingEvent | D8: 0.04
A9: autosar_swc_vmp | B9: autosar_swc_vmp_Init | C9: InitEvent
A10: autosar_swc_las | B10: autosar_swc_las_Step | C10: TimingEvent | D10: 0.02
A11: autosar_swc_las | B11: autosar_swc_las_Init | C11: InitEvent
A12: autosar_swc_icas | B12: autosar_swc_icas_Step | C12: TimingEvent | D12: 0.02
A13: autosar_swc_icas | B13: autosar_swc_icas_Init | C13: InitEvent
A14: autosar_swc_vmc | B14: autosar_swc_vmc_Step | C14: TimingEvent | D14: 0.02
A15: autosar_swc_vmc | B15: autosar_swc_vmc_Init | C15: InitEvent
A16: autosar_swc_hmi | B16: autosar_swc_hmi_Step | C16: TimingEvent | D16: 0.02
A17: autosar_swc_hmi | B17: autosar_swc_hmi_Init | C17: InitEvent
A18: autosar_swc_val | B18: autosar_swc_val_Step | C18: TimingEvent | D18: 0.01
A19: autosar_swc_val | B19: autosar_swc_val_Init | C19: InitEvent
A20: autosar_swc_aeb | B20: autosar_swc_aeb_Step | C20: TimingEvent | D20: 0.02
A21: autosar_swc_aeb | B21: autosar_swc_aeb_Init | C21: InitEvent
A22: autosar_swc_sm | B22: autosar_swc_sm_Init | C22: InitEvent
A23: autosar_swc_sm | B23: autosar_swc_sm_Step | C23: TimingEvent | D23: 0.01
A24: autosar_swc_mapengine | B24: autosar_swc_mapengine_Step | C24: TimingEvent | D24: 0.1
A25: autosar_swc_lanetrack | B25: autosar_swc_lanetrack_Step | C25: TimingEvent | D25: 0.1
A26: autosar_swc_dr | B26: autosar_swc_dr_Step | C26: TimingEvent | D26: 0.01
A27: autosar_swc_fusion | B27: autosar_swc_fusion_Step | C27: TimingEvent | D27: 0.05 | E27: 加锁
A28: autosar_swc_fusion | B28: autosar_swc_fusion_data_cache_Step | C28: TimingEvent | D28: 0.01 | E28: 加锁
A29: autosar_swc_fusion | B29: autosar_swc_fusion_Init | C29: InitEvent
A30: autosar_swc_dfim | B30: autosar_swc_dfim_Init | C30: InitEvent
A31: autosar_swc_dfim | B31: autosar_swc_dfim_Step | C31: TimingEvent | D31: 0.1
A32: autosar_swc_dataclct | B32: autosar_swc_dataclct_Step | C32: TimingEvent | D32: 0.01
A33: autosar_swc_fusamon | B33: autosar_swc_fusamon_Init | C33: InitEvent
A34: autosar_swc_fusamon | B34: autosar_swc_fusamon_Step | C34: TimingEvent | D34: 0.01
